,model_type,host,date,dataset,	noise,angle,nominal_sig_frac,sig_frac,max_epochs,epochs,train_n_events,valid_n_events,train_time,eval_acc,train_acc,test_acc,eval_loss,train_loss,test_loss,weighted_n_events,n_raw_bkgd,n_raw_sig,n_pass_bkgd,n_pass_sig,raw_signif,pass_signif,cm_train,cm_valid,cm_weighted,opt_reg_thresh,layers
0,relegator,charmander,2020.07.12_21:51:18,20ojp13e,0.25,1.7,0.01,0.01,2000,573,15000,5000,85.0392,0.6975,0.6976,0.6975,0.6816,0.8364,0.6923,100000,15867,997,139,471,7.6770000000000005,19.07,5517:60:1948:689:3735:3051:0:0:0,1820:24:631:225:1241:1059:0:0:1,72052:1014:25934:100:480:420:0:0:0,,
1,regressor,charmander,2020.07.12_21:52:35,20ojp13e,0.25,1.7,0.01,0.01,2000,491,15000,5000,65.0416,0.7615,0.7614,0.7615,0.3418,0.3754,0.3469,100000,15867,997,86,434,7.6770000000000005,19.032,7500:33:4096:3371,2457:10:1423:1110,98395:605:564:436,0.8600285774469375,
2,relegator,charmander,2020.07.12_21:54:24,20ojp13e,0.25,1.7,0.01,0.01,2000,578,15000,5000,93.3135,0.6764,0.6764,0.6763,0.6652,0.8131,0.7043,100000,15867,997,121,456,7.6770000000000005,18.984,5229:49:2226:548:3625:3323:0:0:0,1699:20:777:187:1233:1084:0:0:1,68220:873:29907:79:468:453:0:0:0,,
3,regressor,charmander,2020.07.12_21:55:49,20ojp13e,0.25,1.7,0.01,0.01,2000,490,15000,5000,72.0767,0.7599,0.7598,0.7599,0.3429,0.3691,0.3454,100000,15867,997,178,496,7.6770000000000005,19.105,7472:75:3606:3847,2429:24:1244:1303,97849:1151:502:498,0.8201317703723908,
4,relegator,charmander,2020.07.12_21:58:21,w6e9mfrt,0.25,1.7,0.01,0.01,2000,623,15000,5000,108.2343,0.7082,0.7083,0.7082,0.6893,0.8299,0.6666,100000,15797,998,82,444,7.7010000000000005,19.359,5233:36:2237:579:3172:3743:0:0:0,1767:10:717:182:1081:1243:0:0:1,68905:550:29545:69:453:478:0:0:0,,
5,regressor,charmander,2020.07.12_21:59:38,w6e9mfrt,0.25,1.7,0.01,0.01,2000,449,15000,5000,63.605,0.7632,0.7632,0.7633,0.3424,0.3696,0.3498,100000,15797,998,130,496,7.7010000000000005,19.824,7476:50:4008:3466,2460:14:1365:1161,98257:743:504:496,0.8500150606036186,
6,relegator,charmander,2020.07.12_22:01:32,w6e9mfrt,0.25,1.7,0.01,0.01,2000,609,15000,5000,96.5785,0.6749,0.675,0.6749,0.6746,0.8217,0.6718,100000,15797,998,101,469,7.7010000000000005,19.644000000000002,5172:41:2283:490:3339:3675:0:0:0,1762:14:728:160:1139:1197:0:0:1,67922:646:30432:57:476:467:0:0:0,,
7,regressor,charmander,2020.07.12_22:02:58,w6e9mfrt,0.25,1.7,0.01,0.01,2000,487,15000,5000,73.3011,0.771,0.7709,0.771,0.3425,0.3741,0.3437,100000,15797,998,366,609,7.7010000000000005,19.504,7364:138:3194:4304,2449:49:1047:1455,96823:2177:391:609,0.7799554646015168,
8,relegator,charmander,2020.07.12_22:05:40,oup5lzd3,0.25,1.7,0.01,0.01,2000,607,15000,5000,112.4928,0.7156,0.7157,0.7155,0.6961,0.8394,0.6604,100000,16388,994,77,374,7.539,17.611,5381:34:2054:669:2918:3944:0:0:0,1864:4:663:214:964:1291:0:0:1,71055:453:27492:70:386:544:0:0:0,,
9,regressor,charmander,2020.07.12_22:07:03,oup5lzd3,0.25,1.7,0.01,0.01,2000,481,15000,5000,70.1569,0.7565,0.7565,0.7566,0.3368,0.3599,0.3479,100000,16388,994,348,585,7.539,19.152,7380:152:3234:4234,2424:44:1096:1436,96951:2049:413:587,0.7701476851105692,
10,relegator,charmander,2020.07.12_22:08:54,oup5lzd3,0.25,1.7,0.01,0.01,2000,633,15000,5000,96.9109,0.7226,0.7227,0.7225,0.6778,0.8474,0.6787,100000,16388,994,146,491,7.539,19.454,5372:59:2108:555:3611:3295:0:0:0,1749:24:688:210:1236:1093:0:0:1,69950:919:28131:58:510:432:0:0:0,,
11,regressor,charmander,2020.07.12_22:10:05,oup5lzd3,0.25,1.7,0.01,0.01,2000,463,15000,5000,60.0124,0.7733,0.7733,0.7734,0.3393,0.3721,0.3365,100000,16388,994,263,563,7.539,19.589000000000002,7368:112:3448:4072,2485:35:1155:1325,97473:1527:435:565,0.8000298202037811,
12,relegator,charmander,2020.07.12_22:37:50,fah8teev,0.25,1.7,0.01,0.01,2000,661,15000,5000,99.2494,0.7272,0.7273,0.7272,0.7105,0.8477,0.7602,100000,16013,997,75,423,7.644,18.955,5591:50:1855:822:3382:3300:0:0:0,1869:20:615:255:1098:1143:0:0:1,74184:629:24187:114:444:442:0:0:0,,
13,regressor,charmander,2020.07.12_22:38:49,fah8teev,0.25,1.7,0.01,0.01,2000,382,15000,5000,48.3287,0.769,0.769,0.7691,0.3496,0.3808,0.3569,100000,16013,997,335,565,7.644,18.833,7317:168:3111:4404,2453:62:1047:1438,96783:2217:434:566,0.749624729156494,
14,relegator,charmander,2020.07.12_22:40:10,fah8teev,0.25,1.7,0.01,0.01,2000,443,15000,5000,67.1935,0.7421,0.7421,0.7422,0.9547,1.0427,0.9477,100000,16013,997,1302,705,7.644,15.737,6840:685:2047:5428,2244:231:0:655:1870:0:0:0:1,90200:8800:281:719,,
15,regressor,charmander,2020.07.12_22:41:58,fah8teev,0.25,1.7,0.01,0.01,2000,522,15000,5000,92.0958,0.7578,0.7578,0.7579,0.3472,0.3744,0.3467,100000,16013,997,265,557,7.644,19.428,7383:137:3258:4222,2437:43:1110:1410,97202:1798:442:558,0.7800499361753463,
16,relegator,charmander,2020.07.12_22:43:33,fah8teev,0.25,1.7,0.01,0.01,2000,565,15000,5000,77.967,0.6912,0.6913,0.6912,0.7549,0.8521,0.6857,100000,16013,997,31,302,7.644,16.549,5547:20:1939:751:2290:4453:0:0:0,1881:1:612:260:779:1467:0:0:1,73737:179:25084:108:310:582:0:0:0,,
17,regressor,charmander,2020.07.12_22:44:38,fah8teev,0.25,1.7,0.01,0.01,2000,471,15000,5000,53.4442,0.7566,0.7566,0.7567,0.3491,0.3785,0.3468,100000,16013,997,229,540,7.644,19.473,7365:112:3433:4090,2476:47:1102:1375,97461:1539:459:541,0.7901381173729897,
18,relegator,charmander,2020.07.12_22:46:39,fah8teev,0.25,1.7,0.01,0.01,2000,684,15000,5000,106.2278,0.7304,0.7305,0.7304,0.7049,0.8385,0.7019,100000,16013,997,44,363,7.644,17.993,5315:31:2119:630:2778:4127:0:0:0,1815:11:709:222:953:1290:0:0:1,71061:327:27612:91:370:539:0:0:0,,
19,regressor,charmander,2020.07.12_22:47:46,fah8teev,0.25,1.7,0.01,0.01,2000,423,15000,5000,55.5423,0.7711,0.771,0.7711,0.3483,0.3789,0.3475,100000,16013,997,192,531,7.644,19.748,7379:106:3524:3991,2482:33:1181:1304,97678:1322:468:532,0.7997192084789276,
20,relegator,charmander,2020.07.12_22:49:29,fah8teev,0.25,1.7,0.01,0.01,2000,576,15000,5000,89.24,0.7122,0.7123,0.7122,0.7247,0.8569,0.7307,100000,16013,997,50,386,7.644,18.486,5522:36:1984:816:2974:3668:0:0:0,1783:12:663:282:1025:1235:0:0:1,72681:436:25883:116:404:480:0:0:0,,
21,regressor,charmander,2020.07.12_22:50:40,fah8teev,0.25,1.7,0.01,0.01,2000,464,15000,5000,58.886,0.7684,0.7684,0.7685,0.3465,0.3744,0.3533,100000,16013,997,160,514,7.644,19.799,7418:90:3645:3847,2470:22:1244:1264,97898:1102:485:515,0.8100480180978775,
22,relegator,charmander,2020.07.12_22:52:45,apw04ss7,0.25,1.7,0.01,0.01,2000,540,15000,5000,84.6302,0.6712,0.6713,0.6712,0.7081,0.8731,0.7645,100000,15768,998,88,415,7.707999999999999,18.504,5577:39:1868:787:3287:3442:0:0:0,1853:24:639:273:1039:1172:0:0:1,73836:615:24549:114:425:461:0:0:0,,
23,regressor,charmander,2020.07.12_22:53:54,apw04ss7,0.25,1.7,0.01,0.01,2000,431,15000,5000,56.0799,0.7667,0.7666,0.7667,0.3467,0.375,0.3492,100000,15768,998,132,476,7.707999999999999,19.304000000000002,7453:69:3912:3566,2465:13:1334:1188,98164:836:523:477,0.8398094987869263,
24,relegator,charmander,2020.07.12_22:55:38,apw04ss7,0.25,1.7,0.01,0.01,2000,613,15000,5000,89.9577,0.7071,0.7072,0.707,0.7062,0.8576,0.7035,100000,15768,998,70,379,7.707999999999999,17.886,5195:25:2291:552:2920:4017:0:0:0,1763:12:714:206:984:1321:0:0:1,69242:437:29321:78:387:535:0:0:0,,
25,regressor,charmander,2020.07.12_22:56:43,apw04ss7,0.25,1.7,0.01,0.01,2000,470,15000,5000,53.6643,0.7686,0.7686,0.7686,0.3471,0.3738,0.3498,100000,15768,998,101,440,7.707999999999999,18.917,7481:45:4144:3330,2464:10:1432:1094,98383:617:559:441,0.8497529610991478,
26,relegator,charmander,2020.07.12_22:58:11,apw04ss7,0.25,1.7,0.01,0.01,2000,538,15000,5000,73.7561,0.7021,0.7022,0.7021,0.7245,0.8643,0.7182,100000,15768,998,52,365,7.707999999999999,17.874000000000002,5284:26:2223:653:2800:4014:0:0:0,1719:8:740:195:957:1381:0:0:1,69775:380:28845:90:375:535:0:0:0,,
27,regressor,charmander,2020.07.12_22:59:14,apw04ss7,0.25,1.7,0.01,0.01,2000,456,15000,5000,52.1451,0.7728,0.7727,0.7728,0.3484,0.3756,0.3403,100000,15768,998,365,573,7.707999999999999,18.709,7372:157:3191:4280,2414:57:1049:1480,96826:2174:426:574,0.7700726526975631,
28,relegator,charmander,2020.07.12_23:00:50,apw04ss7,0.25,1.7,0.01,0.01,2000,606,15000,5000,81.5933,0.712,0.7121,0.712,0.693,0.8413,0.702,100000,15768,998,112,445,7.707999999999999,18.855,5104:54:2291:491:3476:3584:0:0:0,1739:15:797:145:1136:1168:0:0:1,68090:736:30174:66:451:483:0:0:0,,
29,regressor,charmander,2020.07.12_23:01:55,apw04ss7,0.25,1.7,0.01,0.01,2000,467,15000,5000,54.1791,0.7811,0.781,0.7811,0.3477,0.3768,0.3476,100000,15768,998,177,507,7.707999999999999,19.386,7461:85:3657:3797,2430:24:1238:1308,97869:1131:492:508,0.8197331124544144,
30,relegator,charmander,2020.07.12_23:03:24,apw04ss7,0.25,1.7,0.01,0.01,2000,560,15000,5000,74.8883,0.7303,0.7305,0.7303,0.7204,0.8367,0.7232,100000,15768,998,31,312,7.707999999999999,16.846,5447:14:2030:692:2449:4368:0:0:0,1842:5:662:233:803:1455:0:0:1,72692:211:26097:89:315:596:0:0:0,,
31,regressor,charmander,2020.07.12_23:04:29,apw04ss7,0.25,1.7,0.01,0.01,2000,481,15000,5000,54.1438,0.7849,0.7848,0.7849,0.3467,0.3766,0.3483,100000,15768,998,69,387,7.707999999999999,18.123,7512:30:4623:2835,2452:6:1505:1037,98588:412:612:388,0.8700325945019722,
32,relegator,charmander,2020.07.12_23:06:24,tw28lrby,0.25,1.7,0.01,0.01,2000,551,15000,5000,75.3396,0.6954,0.6955,0.6954,0.7197,0.8751,0.6626,100000,15862,997,160,494,7.678999999999999,19.317,5582:98:1840:800:3946:2734:0:0:0,1860:15:605:260:1308:952:0:0:1,74137:1187:23676:113:512:375:0:0:0,,
33,regressor,charmander,2020.07.12_23:07:42,tw28lrby,0.25,1.7,0.01,0.01,2000,583,15000,5000,66.4982,0.7756,0.7756,0.7756,0.3454,0.3725,0.3378,100000,15862,997,579,611,7.678999999999999,17.712,7210:276:2747:4767,2421:93:889:1597,95365:3635:388:612,0.7094384850380447,
34,relegator,charmander,2020.07.12_23:09:10,tw28lrby,0.25,1.7,0.01,0.01,2000,553,15000,5000,73.7233,0.6721,0.6722,0.6721,0.6865,0.8667,0.6886,100000,15862,997,85,427,7.678999999999999,18.871,5253:38:2246:566:3293:3604:0:0:0,1695:19:749:171:1171:1195:0:0:1,69254:630:29116:88:433:479:0:0:0,,
35,regressor,charmander,2020.07.12_23:10:15,tw28lrby,0.25,1.7,0.01,0.01,2000,478,15000,5000,54.0603,0.7705,0.7705,0.7705,0.3457,0.3758,0.3407,100000,15862,997,277,536,7.678999999999999,18.798,7315:133:3377:4175,2511:41:1061:1387,97254:1746:463:537,0.7896323372187908,
36,relegator,charmander,2020.07.12_23:11:52,tw28lrby,0.25,1.7,0.01,0.01,2000,534,15000,5000,82.7723,0.6919,0.692,0.6919,0.6949,0.8538,0.6977,100000,15862,997,127,474,7.678999999999999,19.335,5463:66:1979:695:3751:3046:0:0:0,1797:23:672:244:1255:1009:0:0:1,72035:935:26030:102:484:414:0:0:0,,
37,regressor,charmander,2020.07.12_23:13:03,tw28lrby,0.25,1.7,0.01,0.01,2000,446,15000,5000,59.1303,0.7553,0.7553,0.7554,0.3438,0.3697,0.345,100000,15862,997,251,531,7.678999999999999,18.989,7368:130:3376:4126,2476:26:1137:1361,97425:1575:468:532,0.7899935227632522,
38,relegator,charmander,2020.07.12_23:14:57,tw28lrby,0.25,1.7,0.01,0.01,2000,641,15000,5000,99.934,0.7312,0.7313,0.7311,0.6851,0.8294,0.6979,100000,15862,997,91,437,7.678999999999999,19.018,5164:49:2236:591:3500:3460:0:0:0,1763:18:770:192:1139:1118:0:0:1,68889:748:29363:92:446:462:0:0:0,,
39,regressor,charmander,2020.07.12_23:16:20,tw28lrby,0.25,1.7,0.01,0.01,2000,547,15000,5000,71.5556,0.7549,0.7548,0.7549,0.3422,0.3678,0.3404,100000,15862,997,238,522,7.678999999999999,18.935,7376:106:3468:4050,2480:38:1119:1363,97524:1476:477:523,0.8100392174720764,
40,relegator,charmander,2020.07.12_23:18:08,tw28lrby,0.25,1.7,0.01,0.01,2000,608,15000,5000,94.3683,0.7231,0.7232,0.723,0.677,0.8416,0.7056,100000,15862,997,111,462,7.678999999999999,19.3,5337:52:2082:644:3627:3258:0:0:0,1811:24:694:217:1192:1062:0:0:1,71263:820:26917:100:469:431:0:0:0,,
41,regressor,charmander,2020.07.12_23:19:28,tw28lrby,0.25,1.7,0.01,0.01,2000,538,15000,5000,68.6018,0.7828,0.7828,0.7828,0.3431,0.3724,0.3394,100000,15862,997,338,559,7.678999999999999,18.664,7342:151:3157:4350,2449:58:1017:1476,96788:2212:440:560,0.7699578386545181,
42,relegator,charmander,2020.07.12_23:21:06,pm0ky5fc,0.25,1.7,0.01,0.01,2000,384,15000,5000,57.4204,0.7076,0.7074,0.7076,0.928,1.0102,0.9412,100000,16048,995,1294,692,7.622000000000001,15.527999999999999,6821:672:1960:5547,2291:216:0:669:1824:0:0:0:1,90412:8588:292:708,,
43,regressor,charmander,2020.07.12_23:22:07,pm0ky5fc,0.25,1.7,0.01,0.01,2000,437,15000,5000,50.1276,0.7704,0.7704,0.7705,0.3416,0.3692,0.3414,100000,16048,995,390,548,7.622000000000001,17.893,7348:152:3194:4306,2457:43:1085:1415,96828:2172:448:552,0.7700192904472352,
44,relegator,charmander,2020.07.12_23:23:45,pm0ky5fc,0.25,1.7,0.01,0.01,2000,615,15000,5000,83.8998,0.6989,0.699,0.6989,0.696,0.8388,0.6895,100000,16048,995,53,370,7.622000000000001,17.99,5500:22:1986:668:2759:4065:0:0:0,1789:5:698:243:914:1351:0:0:1,72283:366:26351:106:379:515:0:0:0,,
45,regressor,charmander,2020.07.12_23:24:41,pm0ky5fc,0.25,1.7,0.01,0.01,2000,399,15000,5000,45.1475,0.7669,0.7669,0.767,0.3387,0.3696,0.3505,100000,16048,995,594,603,7.622000000000001,17.429000000000002,7268:227:2790:4715,2420:85:976:1519,95483:3517:393:607,0.7196557396044956,
46,relegator,charmander,2020.07.12_23:26:12,pm0ky5fc,0.25,1.7,0.01,0.01,2000,567,15000,5000,76.8168,0.6708,0.6709,0.6708,0.6971,0.8538,0.6996,100000,16048,995,54,374,7.622000000000001,18.078,5394:19:2080:725:2873:3909:0:0:0,1808:6:693:239:942:1312:0:0:1,71451:409:27140:115:385:500:0:0:0,,
47,regressor,charmander,2020.07.12_23:27:19,pm0ky5fc,0.25,1.7,0.01,0.01,2000,496,15000,5000,55.4164,0.7729,0.7728,0.7729,0.3402,0.3702,0.3455,100000,16048,995,103,434,7.622000000000001,18.727999999999998,7437:43:4176:3344,2512:8:1409:1071,98380:620:562:438,0.8499156996607781,
48,relegator,charmander,2020.07.12_23:28:56,pm0ky5fc,0.25,1.7,0.01,0.01,2000,604,15000,5000,81.1152,0.7104,0.7105,0.7103,0.6854,0.8181,0.7104,100000,16048,995,56,371,7.622000000000001,17.954,5365:17:2123:595:2747:4153:0:0:0,1765:10:720:194:908:1403:0:0:1,70632:361:28007:95:379:526:0:0:0,,
49,regressor,charmander,2020.07.12_23:30:07,pm0ky5fc,0.25,1.7,0.01,0.01,2000,541,15000,5000,60.0343,0.7897,0.7897,0.7897,0.3397,0.3653,0.338,100000,16048,995,62,368,7.622000000000001,17.747,7486:18:4818:2678,2489:7:1612:892,98629:371:629:371,0.8797836287351674,
50,relegator,charmander,2020.07.12_23:31:40,pm0ky5fc,0.25,1.7,0.01,0.01,2000,581,15000,5000,79.3176,0.7012,0.7013,0.7012,0.669,0.8307,0.6878,100000,16048,995,94,432,7.622000000000001,18.836,5329:36:2203:617:3343:3472:0:0:0,1711:14:707:222:1132:1214:0:0:1,69651:634:28715:97:440:463:0:0:0,,
51,regressor,charmander,2020.07.12_23:32:40,pm0ky5fc,0.25,1.7,0.01,0.01,2000,432,15000,5000,48.8275,0.7668,0.7667,0.7668,0.3374,0.3652,0.3447,100000,16048,995,170,483,7.622000000000001,18.901,7460:55:3811:3674,2456:29:1259:1256,98045:955:513:487,0.8299805438518525,
52,relegator,charmander,2020.07.12_23:34:43,uw4ri3gy,0.25,1.7,0.01,0.01,2000,616,15000,5000,83.2074,0.7165,0.7166,0.7165,0.7187,0.8663,0.7163,100000,15706,997,111,470,7.7139999999999995,19.499000000000002,5477:63:1966:749:3485:3260:0:0:0,1800:22:672:245:1177:1084:0:0:1,71489:808:26703:100:488:412:0:0:0,,
53,regressor,charmander,2020.07.12_23:35:49,uw4ri3gy,0.25,1.7,0.01,0.01,2000,478,15000,5000,55.058,0.7753,0.7752,0.7753,0.3435,0.3737,0.3454,100000,15706,997,285,575,7.7139999999999995,19.607,7348:143:3375:4134,2466:43:1104:1387,97299:1701:423:577,0.8001328408718109,
54,relegator,charmander,2020.07.12_23:37:11,uw4ri3gy,0.25,1.7,0.01,0.01,2000,508,15000,5000,68.1557,0.7117,0.7118,0.7117,0.7442,0.8865,0.745,100000,15706,997,42,348,7.7139999999999995,17.622,5811:30:1686:932:2711:3830:0:0:0,1879:8:586:305:870:1352:0:0:1,75754:375:22871:118:363:519:0:0:0,,
55,regressor,charmander,2020.07.12_23:38:15,uw4ri3gy,0.25,1.7,0.01,0.01,2000,451,15000,5000,52.7253,0.7758,0.7757,0.7758,0.3471,0.3782,0.3412,100000,15706,997,69,412,7.7139999999999995,18.785999999999998,7402:39:4512:3047,2550:9:1459:982,98538:462:586:414,0.8599826097488403,
56,relegator,charmander,2020.07.12_23:39:39,uw4ri3gy,0.25,1.7,0.01,0.01,2000,522,15000,5000,69.9291,0.709,0.7092,0.709,0.7117,0.8822,0.7242,100000,15706,997,85,461,7.7139999999999995,19.729,5266:51:2203:622:3349:3509:0:0:0,1759:23:698:218:1142:1160:0:0:1,69183:641:29176:81:469:450:0:0:0,,
57,regressor,charmander,2020.07.12_23:40:49,uw4ri3gy,0.25,1.7,0.01,0.01,2000,521,15000,5000,58.7843,0.7761,0.7761,0.7762,0.3495,0.3795,0.3371,100000,15706,997,303,566,7.7139999999999995,19.2,7313:147:3443:4097,2497:43:1096:1364,97193:1807:432:568,0.7897193950414657,
58,relegator,charmander,2020.07.12_23:42:21,uw4ri3gy,0.25,1.7,0.01,0.01,2000,584,15000,5000,78.8512,0.6758,0.6759,0.6758,0.7428,0.8742,0.7089,100000,15706,997,159,509,7.7139999999999995,19.694000000000003,5623:89:1827:810:3705:2946:0:0:0,1849:27:585:246:1302:991:0:0:1,73704:1101:24195:108:524:368:0:0:0,,
59,regressor,charmander,2020.07.12_23:43:23,uw4ri3gy,0.25,1.7,0.01,0.01,2000,449,15000,5000,50.8341,0.7822,0.7821,0.7822,0.348,0.3752,0.3396,100000,15706,997,363,603,7.7139999999999995,19.401,7362:180:3196:4262,2413:45:1040:1502,96783:2217:395:605,0.7692123888848438,
60,relegator,charmander,2020.07.12_23:45:01,uw4ri3gy,0.25,1.7,0.01,0.01,2000,627,15000,5000,83.5278,0.7346,0.7347,0.7346,0.7127,0.8779,0.7004,100000,15706,997,93,458,7.7139999999999995,19.511,5557:54:1957:724:3323:3385:0:0:0,1795:20:617:256:1184:1128:0:0:1,72094:694:26212:101:471:428:0:0:0,,
61,regressor,charmander,2020.07.12_23:46:10,uw4ri3gy,0.25,1.7,0.01,0.01,2000,515,15000,5000,58.401,0.7767,0.7766,0.7767,0.3482,0.3794,0.3411,100000,15706,997,402,603,7.7139999999999995,19.021,7303:200:3137:4360,2445:52:1030:1473,96489:2511:395:605,0.7696571937203407,
62,relegator,charmander,2020.07.13_08:57:42,gxcjbff1,0.25,1.7,0.0318,0.0318,2000,627,15000,5000,93.1443,0.7367,0.7368,0.7367,0.4889,0.5545,0.4899,100000,15728,3177,308,1814,23.105999999999998,39.379,5098:165:2237:511:4424:2565:0:0:0,1718:60:722:149:1449:902:0:0:1,66430:2154:28236:204:1845:1131:0:0:0,,
63,regressor,charmander,2020.07.13_08:58:53,gxcjbff1,0.25,1.7,0.0318,0.0318,2000,466,15000,5000,59.6169,0.7702,0.7701,0.7702,0.3451,0.3759,0.3502,100000,15728,3177,643,2089,23.105999999999998,39.967,7197:303:2627:4873,2381:119:903:1597,92706:4114:1091:2089,0.6991455912590027,
64,relegator,charmander,2020.07.13_09:00:15,gxcjbff1,0.25,1.7,0.0318,0.0318,2000,462,15000,5000,68.6565,0.7446,0.7445,0.7446,0.5487,0.5944,0.5398,100000,15728,3177,1489,2401,23.105999999999998,38.496,6571:919:1700:5810,2217:293:0:569:1921:0:0:0:1,85474:11346:679:2501,,
65,regressor,charmander,2020.07.13_09:01:35,gxcjbff1,0.25,1.7,0.0318,0.0318,2000,533,15000,5000,67.9867,0.7731,0.773,0.7731,0.3456,0.3724,0.3441,100000,15728,3177,528,2005,23.105999999999998,39.838,7288:251:2817:4644,2370:91:937:1602,93424:3396:1175:2005,0.7201173126697541,
66,relegator,charmander,2020.07.13_09:02:42,gxcjbff1,0.25,1.7,0.0318,0.0318,2000,360,15000,5000,54.2672,0.722,0.7218,0.722,0.5543,0.5957,0.5698,100000,15728,3177,2144,2581,23.105999999999998,37.548,6412:1089:1475:6024,2109:390:0:500:2001:0:0:0:1,83013:13807:582:2598,,
67,regressor,charmander,2020.07.13_09:03:58,gxcjbff1,0.25,1.7,0.0318,0.0318,2000,507,15000,5000,64.2899,0.7719,0.7719,0.7719,0.3457,0.3728,0.3464,100000,15728,3177,766,2165,23.105999999999998,39.99,7152:376:2495:4977,2342:130:838:1690,91953:4867:1015:2165,0.6698401093482972,
68,relegator,charmander,2020.07.13_09:13:34,zqie9srj,0.25,1.7,0.0318,0.0318,2000,379,15000,5000,56.291,0.7448,0.7447,0.7448,0.5373,0.582,0.5374,100000,15770,3174,1310,2323,23.061,38.54,6765:763:1798:5674,2198:274:0:578:1950:0:0:0:1,86523:10297:743:2437,,
69,regressor,charmander,2020.07.13_09:14:50,zqie9srj,0.25,1.7,0.0318,0.0318,2000,482,15000,5000,64.5454,0.7554,0.7553,0.7554,0.3395,0.3683,0.3389,100000,15770,3174,1004,2205,23.061,38.925,7029:466:2259:5246,2357:148:741:1754,90532:6288:970:2210,0.6400626885890961,
70,relegator,charmander,2020.07.13_09:16:14,zqie9srj,0.25,1.7,0.0318,0.0318,2000,517,15000,5000,70.3308,0.6553,0.6551,0.6553,0.5408,0.5941,0.5328,100000,15770,3174,1573,2384,23.061,37.899,6628:839:1737:5796,2237:296:0:534:1933:0:0:0:1,85710:11110:727:2453,,
71,regressor,charmander,2020.07.13_09:17:12,zqie9srj,0.25,1.7,0.0318,0.0318,2000,406,15000,5000,45.792,0.7648,0.7648,0.7649,0.335,0.3625,0.3557,100000,15770,3174,699,2066,23.061,39.29,7174:311:2540:4975,2396:119:891:1594,92491:4329:1109:2071,0.6903236639499665,
72,relegator,charmander,2020.07.13_09:18:16,zqie9srj,0.25,1.7,0.0318,0.0318,2000,371,15000,5000,50.6998,0.7347,0.7346,0.7347,0.5422,0.5857,0.5509,100000,15770,3174,1875,2472,23.061,37.493,6521:928:1602:5949,2217:334:0:500:1949:0:0:0:1,84368:12452:654:2526,,
73,regressor,charmander,2020.07.13_09:19:17,zqie9srj,0.25,1.7,0.0318,0.0318,2000,428,15000,5000,48.6966,0.7718,0.7717,0.7718,0.3432,0.3745,0.3384,100000,15770,3174,837,2130,23.061,39.104,7111:371:2441:5077,2377:141:791:1691,91621:5199:1045:2135,0.6594937163591384,
74,relegator,charmander,2020.07.13_09:20:24,zqie9srj,0.25,1.7,0.0318,0.0318,2000,387,15000,5000,51.8159,0.753,0.753,0.7531,0.548,0.6008,0.5355,100000,15770,3174,1731,2439,23.061,37.77,6516:968:1587:5929,2210:306:0:499:1985:0:0:0:1,84326:12494:649:2531,,
75,regressor,charmander,2020.07.13_09:21:27,zqie9srj,0.25,1.7,0.0318,0.0318,2000,435,15000,5000,50.6758,0.7671,0.767,0.7671,0.3418,0.3716,0.3428,100000,15770,3174,653,2048,23.061,39.406,7193:307:2676:4824,2405:95:874:1626,92715:4105:1127:2053,0.6994408607482909,
76,relegator,charmander,2020.07.13_09:23:04,zqie9srj,0.25,1.7,0.0318,0.0318,2000,612,15000,5000,82.9198,0.7547,0.7548,0.7547,0.4878,0.5406,0.4955,100000,15770,3174,449,1902,23.061,39.227,5358:212:1955:569:4605:2301:0:0:0,1735:81:659:171:1567:787:0:0:1,68546:3026:25248:222:1943:1015:0:0:0,,
77,regressor,charmander,2020.07.13_09:24:09,zqie9srj,0.25,1.7,0.0318,0.0318,2000,461,15000,5000,53.0295,0.7619,0.7618,0.7619,0.3427,0.3736,0.3351,100000,15770,3174,542,1973,23.061,39.342,7203:247:2856:4694,2479:71:914:1536,93546:3274:1203:1977,0.7298995521664621,
78,relegator,charmander,2020.07.13_09:26:15,q619n69p,0.25,1.7,0.0318,0.0318,2000,607,15000,5000,83.9829,0.7175,0.7175,0.7175,0.487,0.5476,0.4998,100000,15751,3172,314,1815,23.059,39.336,5151:169:2191:520:4408:2561:0:0:0,1699:67:723:176:1453:882:0:0:1,66439:2246:28135:222:1848:1110:0:0:0,,
79,regressor,charmander,2020.07.13_09:27:29,q619n69p,0.25,1.7,0.0318,0.0318,2000,527,15000,5000,61.7159,0.772,0.772,0.772,0.346,0.3755,0.3422,100000,15751,3172,315,1780,23.059,38.889,7322:156:3214:4308,2471:51:1055:1423,94735:2085:1396:1784,0.7801116037368774,
80,relegator,charmander,2020.07.13_09:28:54,q619n69p,0.25,1.7,0.0318,0.0318,2000,517,15000,5000,71.6422,0.7534,0.7533,0.7534,0.5301,0.5778,0.5316,100000,15751,3172,874,2144,23.059,39.027,6783:667:29:1923:5541:57:0:0:0,2288:222:11:649:1814:16:0:0:1,87780:8581:459:842:2320:18:0:0:0,,
81,regressor,charmander,2020.07.13_09:29:57,q619n69p,0.25,1.7,0.0318,0.0318,2000,443,15000,5000,50.5671,0.7759,0.7759,0.776,0.3456,0.3766,0.3492,100000,15751,3172,219,1623,23.059,37.816,7385:95:3540:3980,2481:39:1178:1302,95448:1372:1553:1627,0.8098156690597534,
82,relegator,charmander,2020.07.13_09:31:04,q619n69p,0.25,1.7,0.0318,0.0318,2000,389,15000,5000,52.9077,0.7516,0.7515,0.7517,0.5515,0.5963,0.5635,100000,15751,3172,1941,2446,23.059,36.929,6384:1106:1430:6080,2132:378:0:498:1992:0:0:0:1,82460:14360:630:2550,,
83,regressor,charmander,2020.07.13_09:32:07,q619n69p,0.25,1.7,0.0318,0.0318,2000,443,15000,5000,50.6598,0.7621,0.762,0.7621,0.3523,0.3838,0.3317,100000,15751,3172,663,2016,23.059,38.95,7154:334:2672:4840,2421:91:864:1624,92648:4172:1160:2020,0.6891906613111496,
84,relegator,charmander,2020.07.13_09:33:36,q619n69p,0.25,1.7,0.0318,0.0318,2000,549,15000,5000,74.6407,0.7638,0.7638,0.7638,0.5199,0.5687,0.528,100000,15751,3172,777,2093,23.059,39.069,6061:569:857:1198:5404:911:0:0:0,2012:194:307:392:1794:301:0:0:1,77952:7261:11607:537:2276:367:0:0:0,,
85,regressor,charmander,2020.07.13_09:34:49,q619n69p,0.25,1.7,0.0318,0.0318,2000,528,15000,5000,61.4787,0.7734,0.7733,0.7734,0.3447,0.3767,0.346,100000,15751,3172,240,1700,23.059,38.597,7393:116:3417:4074,2448:43:1119:1390,95237:1583:1476:1704,0.7998354971408844,
86,relegator,charmander,2020.07.13_09:36:04,q619n69p,0.25,1.7,0.0318,0.0318,2000,444,15000,5000,60.0215,0.7517,0.7516,0.7517,0.5449,0.5927,0.5491,100000,15751,3172,1540,2360,23.059,37.79,6558:928:1645:5869,2211:303:0:549:1937:0:0:0:1,84794:12026:737:2443,,
87,regressor,charmander,2020.07.13_09:37:18,q619n69p,0.25,1.7,0.0318,0.0318,2000,511,15000,5000,60.3172,0.7766,0.7765,0.7766,0.3444,0.3762,0.3506,100000,15751,3172,505,1927,23.059,39.075,7251:235:2887:4627,2439:75:966:1520,93599:3221:1249:1931,0.7289950045943259,
88,relegator,charmander,2020.07.13_09:38:59,qjl74end,0.25,1.7,0.0318,0.0318,2000,432,15000,5000,60.0095,0.7633,0.7632,0.7633,0.541,0.5978,0.5301,100000,15475,3167,1627,2413,23.195,37.964,6655:858:1618:5869,2212:275:0:528:1985:0:0:0:1,85375:11445:717:2463,,
89,regressor,charmander,2020.07.13_09:40:05,qjl74end,0.25,1.7,0.0318,0.0318,2000,464,15000,5000,53.364,0.7774,0.7774,0.7775,0.3421,0.3716,0.3357,100000,15475,3167,344,1848,23.195,39.471,7305:180:3117:4398,2458:57:1012:1473,94569:2251:1325:1855,0.7695868736505509,
90,relegator,charmander,2020.07.13_09:41:56,qjl74end,0.25,1.7,0.0318,0.0318,2000,702,15000,5000,96.9534,0.7755,0.7756,0.7755,0.4929,0.5466,0.49,100000,15475,3167,565,2022,23.195,39.754,5687:369:1460:745:5044:1695:0:0:0,1846:113:525:254:1704:558:0:0:1,72456:4764:19600:338:2121:721:0:0:0,,
91,regressor,charmander,2020.07.13_09:43:07,qjl74end,0.25,1.7,0.0318,0.0318,2000,513,15000,5000,59.675,0.7815,0.7814,0.7815,0.3388,0.3703,0.3492,100000,15475,3167,872,2181,23.195,39.472,7180:426:2275:5119,2260:134:799:1807,91246:5574:992:2188,0.6498701125383377,
92,relegator,charmander,2020.07.13_09:44:18,qjl74end,0.25,1.7,0.0318,0.0318,2000,419,15000,5000,56.4096,0.7709,0.7709,0.771,0.5401,0.5827,0.5397,100000,15475,3167,1786,2464,23.195,37.796,6669:875:1563:5893,2150:306:0:525:2019:0:0:0:1,85008:11812:689:2491,,
93,regressor,charmander,2020.07.13_09:45:21,qjl74end,0.25,1.7,0.0318,0.0318,2000,430,15000,5000,50.2176,0.7698,0.7697,0.7698,0.3392,0.3684,0.3416,100000,15475,3167,320,1812,23.195,39.243,7357:171:3156:4316,2426:46:1057:1471,94724:2096:1361:1819,0.7801803922653199,
94,relegator,charmander,2020.07.13_09:46:32,qjl74end,0.25,1.7,0.0318,0.0318,2000,409,15000,5000,56.9811,0.7411,0.741,0.7411,0.534,0.5754,0.5677,100000,15475,3167,1697,2436,23.195,37.891999999999996,6593:887:1520:6000,2181:339:0:537:1943:0:0:0:1,84565:12255:686:2494,,
95,regressor,charmander,2020.07.13_09:47:29,qjl74end,0.25,1.7,0.0318,0.0318,2000,392,15000,5000,44.5403,0.758,0.7579,0.758,0.3408,0.3687,0.337,100000,15475,3167,305,1793,23.195,39.145,7338:152:3214:4296,2463:47:1060:1430,94822:1998:1380:1800,0.7896260982751846,
96,relegator,charmander,2020.07.13_09:48:41,qjl74end,0.25,1.7,0.0318,0.0318,2000,431,15000,5000,59.2795,0.7201,0.72,0.7201,0.5493,0.6004,0.5453,100000,15475,3167,1764,2444,23.195,37.676,6600:903:1584:5913,2195:302:0:501:2002:0:0:0:1,84763:12057:711:2469,,
97,regressor,charmander,2020.07.13_09:49:53,qjl74end,0.25,1.7,0.0318,0.0318,2000,512,15000,5000,58.2799,0.7745,0.7745,0.7745,0.338,0.3645,0.3411,100000,15475,3167,975,2224,23.195,39.321,7006:471:2163:5360,2350:173:715:1762,90572:6248:949:2231,0.6499717310070992,
98,relegator,charmander,2020.07.13_09:51:58,rijybogq,0.25,1.7,0.0318,0.0318,2000,627,15000,5000,85.3307,0.7309,0.731,0.7309,0.4904,0.541,0.487,100000,15531,3173,368,1891,23.201,39.786,5235:201:2065:578:4553:2368:0:0:0,1776:68:655:194:1520:787:0:0:1,67779:2747:26294:235:1941:1004:0:0:0,,
99,regressor,charmander,2020.07.13_09:53:03,rijybogq,0.25,1.7,0.0318,0.0318,2000,467,15000,5000,53.2747,0.7826,0.7825,0.7826,0.3468,0.3736,0.3411,100000,15531,3173,243,1721,23.201,38.834,7390:106:3428:4076,2476:28:1134:1362,95226:1594:1454:1726,0.8000800907611847,
100,relegator,charmander,2020.07.13_09:54:26,rijybogq,0.25,1.7,0.0318,0.0318,2000,503,15000,5000,68.9467,0.7723,0.7723,0.7723,0.5412,0.5905,0.5282,100000,15531,3173,1254,2290,23.201,38.467,6739:823:1758:5680,2186:252:0:600:1962:0:0:0:1,86129:10691:769:2411,,
101,regressor,charmander,2020.07.13_09:55:40,rijybogq,0.25,1.7,0.0318,0.0318,2000,517,15000,5000,62.4209,0.7792,0.7792,0.7793,0.3457,0.3736,0.3449,100000,15531,3173,298,1793,23.201,39.211,7400:120:3285:4195,2429:51:1053:1467,94886:1934:1382:1798,0.7795161288976669,
102,relegator,charmander,2020.07.13_09:57:33,rijybogq,0.25,1.7,0.0318,0.0318,2000,731,15000,5000,99.1935,0.7451,0.7451,0.745,0.4846,0.5455,0.4987,100000,15531,3173,371,1885,23.201,39.686,5226:181:2115:549:4548:2381:0:0:0,1695:80:703:177:1503:842:0:0:1,66917:2718:27185:226:1937:1017:0:0:0,,
103,regressor,charmander,2020.07.13_09:58:36,rijybogq,0.25,1.7,0.0318,0.0318,2000,456,15000,5000,51.4822,0.7644,0.7644,0.7645,0.3451,0.376,0.3452,100000,15531,3173,388,1886,23.201,39.55,7311:188:3017:4484,2454:47:1034:1465,94316:2504:1289:1891,0.7500647976994514,
104,relegator,charmander,2020.07.13_10:00:24,rijybogq,0.25,1.7,0.0318,0.0318,2000,677,15000,5000,93.5747,0.7068,0.7068,0.7068,0.486,0.5456,0.5062,100000,15531,3173,387,1908,23.201,39.828,5178:209:2056:567:4662:2328:0:0:0,1731:79:747:194:1507:742:0:0:1,66839:2904:27077:229:1954:997:0:0:0,,
105,regressor,charmander,2020.07.13_10:01:43,rijybogq,0.25,1.7,0.0318,0.0318,2000,569,15000,5000,66.3304,0.7808,0.7808,0.7809,0.3455,0.3731,0.339,100000,15531,3173,253,1710,23.201,38.595,7329:108:3456:4107,2535:28:1098:1339,95195:1625:1465:1715,0.7999701142311096,
106,relegator,charmander,2020.07.13_10:02:48,rijybogq,0.25,1.7,0.0318,0.0318,2000,376,15000,5000,51.2553,0.7399,0.7398,0.74,0.5338,0.5776,0.5345,100000,15531,3173,991,2199,23.201,38.934,6704:755:1857:5684,2267:274:0:546:1913:0:0:0:1,86717:10103:783:2397,,
107,regressor,charmander,2020.07.13_10:03:56,rijybogq,0.25,1.7,0.0318,0.0318,2000,487,15000,5000,55.565,0.788,0.788,0.788,0.3433,0.373,0.3492,100000,15531,3173,431,1918,23.201,39.574,7304:193:2971:4532,2429:74:1000:1497,94056:2764:1257:1923,0.749927930533886,
108,relegator,charmander,2020.07.13_10:05:23,dwar0pii,0.25,1.7,0.0318,0.0318,2000,340,15000,5000,46.9049,0.7253,0.7251,0.7253,0.5503,0.5934,0.5559,100000,15374,3173,1864,2502,23.299,37.866,6446:1038:1533:5983,2146:370:0:470:2014:0:0:0:1,83840:12980:633:2547,,
109,regressor,charmander,2020.07.13_10:06:30,dwar0pii,0.25,1.7,0.0318,0.0318,2000,492,15000,5000,55.5231,0.7815,0.7814,0.7815,0.3447,0.3754,0.3487,100000,15374,3173,202,1683,23.299,38.764,7418:115:3543:3924,2430:37:1204:1329,95580:1240:1492:1688,0.7997111439704895,
110,relegator,charmander,2020.07.13_10:07:37,dwar0pii,0.25,1.7,0.0318,0.0318,2000,398,15000,5000,53.5258,0.7574,0.7573,0.7574,0.5492,0.5947,0.555,100000,15374,3173,1556,2432,23.299,38.510999999999996,6492:1041:1436:6031,2135:332:0:541:1992:0:0:0:1,83637:13183:616:2564,,
111,regressor,charmander,2020.07.13_10:08:48,dwar0pii,0.25,1.7,0.0318,0.0318,2000,526,15000,5000,59.7233,0.7763,0.7762,0.7763,0.3482,0.3784,0.3392,100000,15374,3173,321,1844,23.299,39.631,7322:180:3182:4316,2454:44:1025:1477,94834:1986:1330:1850,0.7599076175689696,
112,relegator,charmander,2020.07.13_10:10:04,dwar0pii,0.25,1.7,0.0318,0.0318,2000,456,15000,5000,62.4963,0.7464,0.7463,0.7464,0.5468,0.5876,0.5513,100000,15374,3173,1497,2423,23.299,38.7,6543:984:1539:5934,2138:335:0:538:1989:0:0:0:1,84553:12267:654:2526,,
113,regressor,charmander,2020.07.13_10:11:21,dwar0pii,0.25,1.7,0.0318,0.0318,2000,558,15000,5000,64.8381,0.7793,0.7793,0.7794,0.3494,0.3746,0.3345,100000,15374,3173,461,1976,23.299,40.028,7279:244:2891:4586,2411:66:936:1587,93953:2867:1197:1983,0.7300211966037751,
114,relegator,charmander,2020.07.13_10:12:38,dwar0pii,0.25,1.7,0.0318,0.0318,2000,466,15000,5000,63.08,0.7436,0.7435,0.7436,0.5343,0.5804,0.5501,100000,15374,3173,1213,2341,23.299,39.268,6599:919:1573:5909,2139:343:0:567:1951:0:0:0:1,84977:11843:667:2513,,
115,regressor,charmander,2020.07.13_10:13:42,dwar0pii,0.25,1.7,0.0318,0.0318,2000,467,15000,5000,52.4521,0.7722,0.7722,0.7723,0.346,0.3761,0.3456,100000,15374,3173,526,2026,23.299,40.105,7228:274:2778:4720,2409:89:920:1582,93498:3322:1147:2033,0.7100378209352494,
116,relegator,charmander,2020.07.13_10:14:52,dwar0pii,0.25,1.7,0.0318,0.0318,2000,414,15000,5000,56.8707,0.7217,0.7216,0.7218,0.5497,0.5943,0.5605,100000,15374,3173,1636,2457,23.299,38.405,6520:987:1560:5933,2151:342:0:525:1982:0:0:0:1,84424:12396:642:2538,,
117,regressor,charmander,2020.07.13_10:16:00,dwar0pii,0.25,1.7,0.0318,0.0318,2000,500,15000,5000,56.0919,0.7821,0.7821,0.7821,0.3464,0.3739,0.3471,100000,15374,3173,327,1854,23.299,39.699,7320:177:3199:4304,2447:56:1021:1476,94740:2080:1320:1860,0.7701196637749672,
118,relegator,charmander,2020.07.13_11:18:02,f87vbxmt,0.25,1.7,0.001,0.001,2000,433,15000,5000,60.4986,0.5501,0.5506,0.55,2.1044,2.0592,2.3102,100000,15811,98,0,4,0.777,2.0,481:0:6995:51:572:6901:0:0:0,171:0:2353:12:171:2293:0:0:1,6474:0:93426:0:5:95:0:0:0,,
119,regressor,charmander,2020.07.13_11:19:13,f87vbxmt,0.25,1.7,0.001,0.001,2000,486,15000,5000,57.5321,0.7812,0.7812,0.7812,0.3508,0.3769,0.3439,100000,15811,98,33,27,0.777,3.486,7470:23:5080:2427,2502:5:1685:808,99640:260:73:27,0.8897178617119789,
120,relegator,charmander,2020.07.13_11:20:31,f87vbxmt,0.25,1.7,0.001,0.001,2000,437,15000,5000,63.5016,0.6353,0.6356,0.6352,2.1767,2.0926,2.1096,100000,15811,98,0,3,0.777,1.732,4686:0:2786:4369:509:2650:0:0:0,1584:0:944:1437:171:864:0:0:1,63388:0:36512:62:4:34:0:0:0,,
121,regressor,charmander,2020.07.13_11:21:50,f87vbxmt,0.25,1.7,0.001,0.001,2000,429,15000,5000,66.2801,0.7591,0.7591,0.7592,0.345,0.3769,0.3579,100000,15811,98,77,39,0.777,3.6210000000000004,7437:45:4285:3233,2503:15:1406:1076,99344:556:61:39,0.8598163467645645,
122,relegator,charmander,2020.07.13_11:23:10,f87vbxmt,0.25,1.7,0.001,0.001,2000,449,15000,5000,64.2797,0.5056,0.506,0.5054,2.2428,2.2409,2.1211,100000,15811,98,0,3,0.777,1.732,0:0:7519:0:502:6979:0:0:0,0:0:2481:0:176:2343:0:0:1,0:0:99900:0:3:97:0:0:0,,
123,regressor,charmander,2020.07.13_11:24:18,f87vbxmt,0.25,1.7,0.001,0.001,2000,469,15000,5000,55.1933,0.7732,0.7731,0.7732,0.3516,0.3799,0.3396,100000,15811,98,86,37,0.777,3.3360000000000003,7464:42:4261:3233,2475:19:1397:1109,99337:563:63:37,0.8498715952038766,
124,relegator,charmander,2020.07.13_11:25:39,f87vbxmt,0.25,1.7,0.001,0.001,2000,463,15000,5000,65.8565,0.6229,0.6232,0.6228,2.2013,2.053,2.0813,100000,15811,98,0,3,0.777,1.732,4027:0:3521:1224:477:5751:0:0:0,1242:0:1210:438:167:1943:0:0:1,52730:0:47170:14:4:82:0:0:0,,
125,regressor,charmander,2020.07.13_11:26:54,f87vbxmt,0.25,1.7,0.001,0.001,2000,511,15000,5000,62.8222,0.7679,0.7678,0.7679,0.3456,0.3742,0.3554,100000,15811,98,38,30,0.777,3.638,7484:20:4865:2631,2486:10:1618:886,99596:304:70:30,0.8900553649663925,
126,relegator,charmander,2020.07.13_11:28:16,f87vbxmt,0.25,1.7,0.001,0.001,2000,469,15000,5000,66.86,0.3713,0.3716,0.3712,2.1601,2.1025,2.1211,100000,15811,98,0,4,0.777,2.0,0:0:7492:0:496:7012:0:0:0,0:0:2508:0:146:2346:0:0:1,0:0:99900:0:4:96:0:0:0,,
127,regressor,charmander,2020.07.13_11:29:25,f87vbxmt,0.25,1.7,0.001,0.001,2000,434,15000,5000,56.9986,0.7769,0.7769,0.777,0.3491,0.3755,0.3487,100000,15811,98,41,30,0.777,3.56,7529:18:4775:2678,2440:13:1612:935,99580:320:70:30,0.8799519717693329,
128,relegator,charmander,2020.07.13_11:55:42,sq2qzas1,0.25,1.7,0.001,0.001,2000,488,15000,5000,74.822,0.6638,0.6641,0.6637,1.8919,1.7832,1.8196,100000,15803,99,1,8,0.785,2.667,3692:0:3856:127:681:6644:0:0:0,1195:0:1257:33:237:2278:0:0:1,48703:2:51195:1:9:90:0:0:0,,
129,regressor,charmander,2020.07.13_11:57:06,sq2qzas1,0.25,1.7,0.001,0.001,2000,527,15000,5000,67.8371,0.7733,0.7733,0.7733,0.338,0.3664,0.3425,100000,15803,99,33,29,0.785,3.6830000000000003,7560:14:5374:2052,2423:3:1822:752,99725:175:70:30,0.9099531435966492,
130,relegator,charmander,2020.07.13_11:58:40,sq2qzas1,0.25,1.7,0.001,0.001,2000,475,15000,5000,79.5957,0.6098,0.6102,0.6097,1.9064,1.7624,1.8095,100000,15803,99,1,8,0.785,2.667,1366:0:6117:36:624:6857:0:0:0,430:0:2087:8:225:2250:0:0:1,17863:2:82035:0:10:90:0:0:0,,
131,regressor,charmander,2020.07.13_11:59:51,sq2qzas1,0.25,1.7,0.001,0.001,2000,479,15000,5000,58.067,0.7846,0.7846,0.7847,0.3384,0.3694,0.3453,100000,15803,99,27,27,0.785,3.674,7435:13:5398:2154,2550:2:1779:669,99755:145:72:28,0.9195674252510071,
132,relegator,charmander,2020.07.13_12:01:39,sq2qzas1,0.25,1.7,0.001,0.001,2000,497,15000,5000,83.0187,0.4563,0.4567,0.4562,1.8795,1.8103,1.8112,100000,15803,99,1,8,0.785,2.667,0:0:7511:0:668:6821:0:0:0,0:0:2489:0:220:2291:0:0:1,0:2:99898:0:10:90:0:0:0,,
133,regressor,charmander,2020.07.13_12:03:13,sq2qzas1,0.25,1.7,0.001,0.001,2000,435,15000,5000,79.6515,0.7594,0.7593,0.7595,0.3421,0.3712,0.3356,100000,15803,99,139,53,0.785,3.825,7406:54:3891:3649,2521:19:1232:1228,99083:817:46:54,0.8400286746025085,
134,relegator,charmander,2020.07.13_12:05:03,sq2qzas1,0.25,1.7,0.001,0.001,2000,550,15000,5000,90.7781,0.6005,0.6008,0.6004,1.7586,1.6777,1.8035,100000,15803,99,1,8,0.785,2.667,2354:0:5165:116:734:6631:0:0:0,771:0:1710:53:226:2240:0:0:1,31244:2:68654:3:9:88:0:0:0,,
135,regressor,charmander,2020.07.13_12:06:29,sq2qzas1,0.25,1.7,0.001,0.001,2000,489,15000,5000,70.863,0.7787,0.7786,0.7787,0.34,0.37,0.346,100000,15803,99,20,25,0.785,3.727,7428:5:5738:1829,2564:3:1858:575,99810:90:74:26,0.9398679786920546,
136,relegator,charmander,2020.07.13_12:08:02,sq2qzas1,0.25,1.7,0.001,0.001,2000,431,15000,5000,78.5192,0.6346,0.6352,0.6344,1.85,1.8292,1.8674,100000,15803,99,1,8,0.785,2.667,10:0:7497:0:710:6783:0:0:0,4:0:2489:0:233:2274:0:0:1,149:2:99749:0:10:90:0:0:0,,
137,regressor,charmander,2020.07.13_12:09:17,sq2qzas1,0.25,1.7,0.001,0.001,2000,486,15000,5000,63.537,0.7688,0.7688,0.7689,0.3408,0.3697,0.3458,100000,15803,99,28,27,0.785,3.641,7462:9:5496:2033,2523:6:1751:720,99755:145:72:28,0.9190311098098756,
138,relegator,charmander,2020.07.13_12:11:20,epdlxlu1,0.25,1.7,0.001,0.001,2000,498,15000,5000,77.198,0.6573,0.6577,0.6572,1.7519,1.7285,1.8516,100000,15980,100,0,9,0.789,3.0,2239:0:5224:151:834:6552:0:0:0,733:0:1804:28:240:2195:0:0:1,29096:2:70802:3:10:87:0:0:0,,
139,regressor,charmander,2020.07.13_12:12:33,epdlxlu1,0.25,1.7,0.001,0.001,2000,409,15000,5000,57.8122,0.755,0.7549,0.755,0.3461,0.3784,0.3565,100000,15980,100,71,43,0.789,4.027,7501:39:4411:3049,2449:11:1507:1033,99403:497:57:43,0.8696078237891197,
140,relegator,charmander,2020.07.13_12:14:11,epdlxlu1,0.25,1.7,0.001,0.001,2000,537,15000,5000,82.4622,0.65,0.6503,0.6499,1.8178,1.751,1.8237,100000,15980,100,0,7,0.789,2.6460000000000004,3999:0:3527:1987:763:4724:0:0:0,1285:0:1189:700:244:1582:0:0:1,53157:0:46743:24:8:68:0:0:0,,
141,regressor,charmander,2020.07.13_12:15:24,epdlxlu1,0.25,1.7,0.001,0.001,2000,419,15000,5000,58.3402,0.7687,0.7686,0.7687,0.3474,0.3782,0.3529,100000,15980,100,5,20,0.789,4.0,7540:2:5920:1538,2457:1:2041:501,99866:34:80:20,0.9599490725994112,
142,relegator,charmander,2020.07.13_12:17:01,epdlxlu1,0.25,1.7,0.001,0.001,2000,496,15000,5000,81.152,0.3282,0.3284,0.3281,1.7495,1.6876,1.8677,100000,15980,100,0,8,0.789,2.8280000000000003,0:0:7480:0:760:6760:0:0:0,0:0:2520:0:223:2257:0:0:1,0:1:99899:0:9:91:0:0:0,,
143,regressor,charmander,2020.07.13_12:18:18,epdlxlu1,0.25,1.7,0.001,0.001,2000,529,15000,5000,62.3001,0.7753,0.7753,0.7753,0.3441,0.3747,0.3557,100000,15980,100,7,24,0.789,4.311,7509:6:5675:1810,2483:2:1944:571,99821:79:76:24,0.9392745141779596,
144,relegator,charmander,2020.07.13_12:19:44,epdlxlu1,0.25,1.7,0.001,0.001,2000,483,15000,5000,71.8693,0.6765,0.6768,0.6764,1.7549,1.6977,1.7846,100000,15980,100,0,9,0.789,3.0,3840:0:3681:1116:800:5563:0:0:0,1315:0:1164:392:232:1897:0:0:1,51211:1:48688:13:10:77:0:0:0,,
145,regressor,charmander,2020.07.13_12:35:51,epdlxlu1,0.25,1.7,0.001,0.001,2000,422,15000,5000,55.5469,0.7442,0.7442,0.7443,0.3489,0.3782,0.3491,100000,15980,100,18,23,0.789,3.592,7508:10:5599:1883,2480:2:1878:640,99765:135:77:23,0.9299694117903708,
146,relegator,charmander,2020.07.13_13:51:21,epdlxlu1,0.25,1.7,0.001,0.001,2000,563,15000,5000,4515.4428,0.5725,0.5727,0.5724,1.6313,1.5916,1.7568,100000,15980,100,0,10,0.789,3.162,3082:0:4375:412:900:6231:0:0:0,1062:0:1481:111:249:2097:0:0:1,41461:2:58437:7:10:83:0:0:0,,
147,regressor,charmander,2020.07.13_14:07:25,epdlxlu1,0.25,1.7,0.001,0.001,2000,422,15000,5000,951.3509,0.7791,0.7791,0.7792,0.3486,0.3776,0.3502,100000,15980,100,66,40,0.789,3.885,7434:36:4533:2997,2524:6:1508:962,99466:434:60:40,0.8690815970301627,
148,relegator,charmander,2020.07.14_12:04:28,0ic34nyv,0.25,1.7,0.00318,0.00318,2000,407,15000,5000,72.1758,0.7024,0.7026,0.7024,1.3142,1.3209,1.3539,100000,16148,315,0,35,2.455,5.916,7381:0:118:3984:947:2570:0:0:0,2458:0:43:1306:296:897:0:0:1,97944:4:1734:171:36:111:0:0:0,,
149,regressor,charmander,2020.07.14_12:05:38,0ic34nyv,0.25,1.7,0.00318,0.00318,2000,445,15000,5000,58.0221,0.778,0.7779,0.778,0.3384,0.3678,0.3389,100000,16148,315,133,140,2.455,8.472999999999999,7471:55:3958:3516,2461:13:1307:1219,98856:826:177:141,0.8400444984436035,
150,relegator,charmander,2020.07.14_12:07:23,0ic34nyv,0.25,1.7,0.00318,0.00318,2000,585,15000,5000,90.4799,0.5444,0.5445,0.5443,1.0822,1.0584,1.0714,100000,16148,315,1,40,2.455,6.247000000000001,5160:0:2375:533:1031:5901:0:0:0,1702:0:763:175:359:2001:0:0:1,67580:4:32098:26:42:250:0:0:0,,
151,regressor,charmander,2020.07.14_12:08:34,0ic34nyv,0.25,1.7,0.00318,0.00318,2000,436,15000,5000,59.0101,0.7761,0.776,0.7761,0.3407,0.3684,0.3406,100000,16148,315,57,118,2.455,8.92,7451:21:4717:2811,2523:5:1521:951,99332:350:200:118,0.8799118602275848,
152,relegator,charmander,2020.07.14_12:10:09,0ic34nyv,0.25,1.7,0.00318,0.00318,2000,530,15000,5000,81.5779,0.6357,0.6359,0.6356,1.0518,1.0272,1.0987,100000,16148,315,1,40,2.455,6.247000000000001,4906:0:2580:441:1069:6004:0:0:0,1664:0:850:153:323:2010:0:0:1,64540:4:35138:22:40:256:0:0:0,,
153,regressor,charmander,2020.07.14_12:11:20,0ic34nyv,0.25,1.7,0.00318,0.00318,2000,445,15000,5000,58.9426,0.7623,0.7623,0.7624,0.3371,0.3698,0.341,100000,16148,315,198,155,2.455,8.25,7481:76:3540:3903,2419:24:1222:1335,98420:1262:162:156,0.8196472293138505,
154,relegator,charmander,2020.07.14_12:12:42,0ic34nyv,0.25,1.7,0.00318,0.00318,2000,431,15000,5000,68.373,0.5559,0.5559,0.5559,1.3933,1.4121,1.3196,100000,16148,315,1,41,2.455,6.3260000000000005,6861:0:696:2448:1146:3849:0:0:0,2205:0:238:818:414:1325:0:0:1,89625:6:10051:113:47:158:0:0:0,,
155,regressor,charmander,2020.07.14_12:13:57,0ic34nyv,0.25,1.7,0.00318,0.00318,2000,487,15000,5000,63.4337,0.7707,0.7706,0.7707,0.3368,0.3671,0.3437,100000,16148,315,129,148,2.455,8.892000000000001,7476:50:3816:3658,2454:20:1328:1198,98847:835:169:149,0.8398081016540527,
156,relegator,charmander,2020.07.14_12:15:12,0ic34nyv,0.25,1.7,0.00318,0.00318,2000,442,15000,5000,61.0025,0.6941,0.6942,0.6941,1.2251,1.7885,1.3309,100000,16148,315,30,106,2.455,9.089,7158:19:323:2628:2816:2056:0:0:0,2407:10:83:898:905:697:0:0:1,94983:279:4420:115:118:85:0:0:0,,
157,regressor,charmander,2020.07.14_12:16:18,0ic34nyv,0.25,1.7,0.00318,0.00318,2000,485,15000,5000,54.9043,0.7798,0.7798,0.7799,0.3362,0.3693,0.34,100000,16148,315,127,142,2.455,8.658,7434:46:3981:3539,2507:13:1304:1176,98930:752:175:143,0.8499997213482857,
158,relegator,charmander,2020.07.14_12:17:58,bdt9uby5,0.25,1.7,0.00318,0.00318,2000,440,15000,5000,60.4636,0.6527,0.6528,0.6527,1.3191,1.434,1.4591,100000,16064,315,1,54,2.461,7.281000000000001,7138:0:356:3586:1415:2505:0:0:0,2371:1:134:1245:420:829:0:0:1,95220:15:4447:161:65:92:0:0:0,,
159,regressor,charmander,2020.07.14_12:18:59,bdt9uby5,0.25,1.7,0.00318,0.00318,2000,442,15000,5000,50.0855,0.7564,0.7564,0.7565,0.3476,0.3757,0.3358,100000,16064,315,121,148,2.461,9.024,7398:53:3996:3553,2538:11:1284:1167,98941:741:168:150,0.8400296020507813,
160,relegator,charmander,2020.07.14_12:20:36,bdt9uby5,0.25,1.7,0.00318,0.00318,2000,615,15000,5000,82.9156,0.5091,0.5091,0.5091,1.0146,1.0052,1.0434,100000,16064,315,0,44,2.461,6.632999999999999,5081:0:2395:455:1150:5919:0:0:0,1680:0:844:155:373:1948:0:0:1,67320:5:32357:15:47:256:0:0:0,,
161,regressor,charmander,2020.07.14_12:21:31,bdt9uby5,0.25,1.7,0.00318,0.00318,2000,384,15000,5000,43.2606,0.7339,0.7338,0.734,0.3438,0.3736,0.3511,100000,16064,315,27,87,2.461,8.148,7480:12:5357:2151,2507:1:1780:712,99514:168:230:88,0.9093765783309936,
162,relegator,charmander,2020.07.14_12:22:49,bdt9uby5,0.25,1.7,0.00318,0.00318,2000,476,15000,5000,64.2616,0.4378,0.4381,0.4378,1.1169,1.0933,1.177,100000,16064,315,0,44,2.461,6.632999999999999,1628:0:5861:125:1089:6297:0:0:0,535:0:1976:30:361:2098:0:0:1,21842:5:77835:7:46:265:0:0:0,,
163,regressor,charmander,2020.07.14_12:23:44,bdt9uby5,0.25,1.7,0.00318,0.00318,2000,378,15000,5000,43.3463,0.7533,0.7533,0.7534,0.3487,0.3761,0.3417,100000,16064,315,67,117,2.461,8.625,7507:26:4555:2912,2461:6:1526:1007,99283:399:200:118,0.8699565252661705,
164,relegator,charmander,2020.07.14_12:25:14,bdt9uby5,0.25,1.7,0.00318,0.00318,2000,568,15000,5000,76.262,0.5219,0.5219,0.5218,1.045,1.03,1.0723,100000,16064,315,0,47,2.461,6.856,4920:0:2549:533:1127:5871:0:0:0,1647:0:884:156:385:1928:0:0:1,65797:6:33879:20:48:250:0:0:0,,
165,regressor,charmander,2020.07.14_12:26:23,bdt9uby5,0.25,1.7,0.00318,0.00318,2000,505,15000,5000,57.6909,0.772,0.772,0.7721,0.3434,0.3679,0.3408,100000,16064,315,99,140,2.461,9.056000000000001,7430:48:4099:3423,2510:12:1352:1126,99027:655:177:141,0.8500271663069725,
166,relegator,charmander,2020.07.14_12:27:49,bdt9uby5,0.25,1.7,0.00318,0.00318,2000,536,15000,5000,72.1666,0.6445,0.6446,0.6444,1.088,1.0717,1.1338,100000,16064,315,0,43,2.461,6.557,5258:0:2252:595:1097:5798:0:0:0,1723:0:767:190:357:1963:0:0:1,69896:5:29781:27:45:246:0:0:0,,
167,regressor,charmander,2020.07.14_12:29:01,bdt9uby5,0.25,1.7,0.00318,0.00318,2000,532,15000,5000,60.6166,0.7576,0.7576,0.7577,0.3401,0.3728,0.3475,100000,16064,315,11,72,2.461,7.903,7471:5:5773:1751,2523:1:1938:538,99616:66:245:73,0.9499596327543258,
168,relegator,charmander,2020.07.14_12:30:41,xgfz3i6a,0.25,1.7,0.00318,0.00318,2000,442,15000,5000,60.2131,0.6818,0.6819,0.6818,1.4386,1.5422,1.4712,100000,15997,317,7,60,2.4819999999999998,7.33,7413:5:29:4833:1638:1082:0:0:0,2541:2:10:1572:512:363:0:0:1,99208:54:420:206:71:41:0:0:0,,
169,regressor,charmander,2020.07.14_12:31:51,xgfz3i6a,0.25,1.7,0.00318,0.00318,2000,517,15000,5000,58.5213,0.7727,0.7726,0.7727,0.3389,0.3685,0.3447,100000,15997,317,101,148,2.4819999999999998,9.379,7461:50:4171:3318,2473:16:1359:1152,99052:630:170:148,0.8595910557324533,
170,relegator,charmander,2020.07.14_12:33:22,xgfz3i6a,0.25,1.7,0.00318,0.00318,2000,566,15000,5000,77.0262,0.4462,0.4465,0.4462,1.1584,1.1547,1.1573,100000,15997,317,0,39,2.4819999999999998,6.245,1420:0:6086:79:887:6528:0:0:0,538:0:1956:20:316:2170:0:0:1,19628:2:80052:4:39:275:0:0:0,,
171,regressor,charmander,2020.07.14_12:34:25,xgfz3i6a,0.25,1.7,0.00318,0.00318,2000,451,15000,5000,52.2139,0.771,0.771,0.7711,0.3369,0.369,0.3518,100000,15997,317,20,82,2.4819999999999998,8.119,7538:9:5613:1840,2453:0:1879:668,99574:108:236:82,0.9399272578954696,
172,relegator,charmander,2020.07.14_12:35:50,xgfz3i6a,0.25,1.7,0.00318,0.00318,2000,518,15000,5000,70.3558,0.6622,0.6624,0.6621,1.1185,1.1108,1.1684,100000,15997,317,0,41,2.4819999999999998,6.403,5186:0:2266:868:983:5697:0:0:0,1802:0:746:296:305:1851:0:0:1,69262:1:30419:41:43:234:0:0:0,,
173,regressor,charmander,2020.07.14_12:37:03,xgfz3i6a,0.25,1.7,0.00318,0.00318,2000,550,15000,5000,62.0792,0.7712,0.7712,0.7713,0.3393,0.3696,0.3401,100000,15997,317,13,80,2.4819999999999998,8.296,7533:7:5663:1797,2458:2:1925:615,99601:81:238:80,0.94993926435709,
174,relegator,charmander,2020.07.14_12:38:25,xgfz3i6a,0.25,1.7,0.00318,0.00318,2000,477,15000,5000,67.8497,0.3558,0.356,0.3557,1.2296,1.185,1.2659,100000,15997,317,1,35,2.4819999999999998,5.832999999999999,0:0:7483:0:928:6589:0:0:0,0:0:2517:0:314:2169:0:0:1,0:2:99680:0:40:278:0:0:0,,
175,regressor,charmander,2020.07.14_12:39:30,xgfz3i6a,0.25,1.7,0.00318,0.00318,2000,471,15000,5000,54.0248,0.7566,0.7565,0.7566,0.3386,0.3712,0.3488,100000,15997,317,41,100,2.4819999999999998,8.422,7484:16:5214:2286,2497:3:1746:754,99468:214:218:100,0.90999571621418,
176,relegator,charmander,2020.07.14_12:40:52,xgfz3i6a,0.25,1.7,0.00318,0.00318,2000,462,15000,5000,68.708,0.3664,0.3666,0.3663,1.2445,1.2051,1.1921,100000,15997,317,0,35,2.4819999999999998,5.916,983:0:6496:2:882:6637:0:0:0,356:0:2165:0:318:2161:0:0:1,13283:2:86397:0:38:280:0:0:0,,
177,regressor,charmander,2020.07.14_12:41:55,xgfz3i6a,0.25,1.7,0.00318,0.00318,2000,447,15000,5000,50.9135,0.7709,0.7708,0.7709,0.3466,0.3775,0.3259,100000,15997,317,19,79,2.4819999999999998,7.98,7470:8:5694:1828,2521:1:1865:613,99587:95:239:79,0.9377327172133664,
178,relegator,charmander,2020.07.14_12:43:50,6yc81o0c,0.25,1.7,0.00318,0.00318,2000,539,15000,5000,73.694,0.5774,0.5775,0.5773,1.1665,1.1583,1.1541,100000,16196,316,0,35,2.459,5.916,5126:0:2409:487:813:6165:0:0:0,1669:0:796:181:281:2073:0:0:1,68226:1:31455:31:39:248:0:0:0,,
179,regressor,charmander,2020.07.14_12:45:12,6yc81o0c,0.25,1.7,0.00318,0.00318,2000,523,15000,5000,69.5015,0.7632,0.7631,0.7632,0.3484,0.3739,0.3561,100000,16196,316,392,172,2.459,7.242999999999999,7321:197:3164:4318,2434:48:1114:1404,97451:2231:146:172,0.7602738070487977,
180,relegator,charmander,2020.07.14_12:46:40,6yc81o0c,0.25,1.7,0.00318,0.00318,2000,475,15000,5000,74.927,0.6361,0.6364,0.636,1.1792,1.139,1.2354,100000,16196,316,0,40,2.459,6.325,4484:0:3005:585:882:6044:0:0:0,1496:0:1015:201:298:1990:0:0:1,60148:2:39532:39:41:238:0:0:0,,
181,regressor,charmander,2020.07.14_12:48:11,6yc81o0c,0.25,1.7,0.00318,0.00318,2000,601,15000,5000,78.3938,0.7788,0.7788,0.7788,0.3485,0.3764,0.3487,100000,16196,316,249,153,2.459,7.631,7369:117:3612:3902,2473:41:1183:1303,98289:1393:165:153,0.8000343382358549,
182,relegator,charmander,2020.07.14_12:49:32,6yc81o0c,0.25,1.7,0.00318,0.00318,2000,443,15000,5000,67.6146,0.5686,0.5689,0.5685,1.2559,1.2362,1.2861,100000,16196,316,0,41,2.459,6.403,2321:0:5165:55:900:6559:0:0:0,812:0:1702:15:273:2198:0:0:1,31533:2:68147:3:42:273:0:0:0,,
183,regressor,charmander,2020.07.14_12:50:56,6yc81o0c,0.25,1.7,0.00318,0.00318,2000,547,15000,5000,73.0448,0.7644,0.7644,0.7644,0.3482,0.3759,0.3514,100000,16196,316,278,163,2.459,7.7620000000000005,7363:135:3526:3976,2458:44:1144:1354,98134:1548:155:163,0.8100209888815879,
184,relegator,charmander,2020.07.14_12:52:31,6yc81o0c,0.25,1.7,0.00318,0.00318,2000,472,15000,5000,72.9978,0.6869,0.6872,0.6868,1.2616,1.247,1.173,100000,16196,316,0,29,2.459,5.385,5061:0:2449:558:730:6202:0:0:0,1676:0:814:179:256:2075:0:0:1,67463:1:32218:34:30:254:0:0:0,,
185,regressor,charmander,2020.07.14_12:53:45,6yc81o0c,0.25,1.7,0.00318,0.00318,2000,445,15000,5000,62.0227,0.7704,0.7703,0.7704,0.3549,0.3832,0.3477,100000,16196,316,256,154,2.459,7.606,7408:131:3624:3837,2429:32:1202:1337,98257:1425:164:154,0.7899064072966576,
186,relegator,charmander,2020.07.14_12:55:22,6yc81o0c,0.25,1.7,0.00318,0.00318,2000,462,15000,5000,81.59,0.6938,0.6939,0.6938,1.4065,1.513,1.3524,100000,16196,316,1,50,2.459,7.001,7422:3:142:3934:1209:2290:0:0:0,2386:1:46:1304:431:832:0:0:1,97996:13:1673:178:58:82:0:0:0,,
187,regressor,charmander,2020.07.14_12:56:55,6yc81o0c,0.25,1.7,0.00318,0.00318,2000,464,15000,5000,76.5243,0.7762,0.7762,0.7763,0.3506,0.3787,0.3456,100000,16196,316,245,153,2.459,7.669,7387:122:3663:3828,2450:41:1213:1296,98342:1340:165:153,0.8097727087140084,
188,relegator,charmander,2020.07.14_12:59:14,rawu52kt,0.25,1.7,0.00318,0.00318,2000,580,15000,5000,85.2688,0.6495,0.6496,0.6494,1.1193,1.1127,1.0392,100000,16155,317,0,30,2.47,5.477,5064:1:2467:431:1045:5992:0:0:0,1653:0:815:141:362:2029:0:0:1,67094:3:32585:19:32:267:0:0:0,,
189,regressor,charmander,2020.07.14_13:00:31,rawu52kt,0.25,1.7,0.00318,0.00318,2000,442,15000,5000,63.7656,0.7677,0.7677,0.7678,0.3496,0.3781,0.3486,100000,16155,317,85,117,2.47,8.232000000000001,7450:44:4338:3168,2490:16:1497:997,99214:468:201:117,0.8600176084041595,
190,relegator,charmander,2020.07.14_13:02:14,rawu52kt,0.25,1.7,0.00318,0.00318,2000,596,15000,5000,87.4978,0.6543,0.6545,0.6543,1.0823,1.0718,1.0743,100000,16155,317,1,30,2.47,5.388,5220:1:2258:554:1095:5872:0:0:0,1806:0:715:201:344:1934:0:0:1,70072:3:29607:27:30:261:0:0:0,,
191,regressor,charmander,2020.07.14_13:03:21,rawu52kt,0.25,1.7,0.00318,0.00318,2000,466,15000,5000,54.4247,0.7808,0.7807,0.7808,0.347,0.3755,0.3516,100000,16155,317,84,117,2.47,8.253,7470:52:4405:3073,2462:16:1448:1074,99190:492:201:117,0.8601030284166337,
192,relegator,charmander,2020.07.14_13:04:45,rawu52kt,0.25,1.7,0.00318,0.00318,2000,509,15000,5000,70.9701,0.6084,0.6087,0.6083,1.1584,1.1447,1.2914,100000,16155,317,1,28,2.47,5.199,3501:0:3954:115:1052:6378:0:0:0,1150:1:1394:42:343:2070:0:0:1,46421:3:53258:4:30:284:0:0:0,,
193,regressor,charmander,2020.07.14_13:05:52,rawu52kt,0.25,1.7,0.00318,0.00318,2000,456,15000,5000,54.6389,0.7749,0.7748,0.7749,0.3509,0.3804,0.3426,100000,16155,317,101,126,2.47,8.363,7457:55:4218:3270,2474:14:1404:1108,99122:560:192:126,0.8492399254890188,
194,relegator,charmander,2020.07.14_13:07:22,rawu52kt,0.25,1.7,0.00318,0.00318,2000,524,15000,5000,76.0857,0.5403,0.5404,0.5403,1.1114,1.0817,1.0588,100000,16155,317,1,32,2.47,5.57,4986:1:2544:472:1109:5888:0:0:0,1635:0:834:153:387:1991:0:0:1,66195:7:33480:24:34:260:0:0:0,,
195,regressor,charmander,2020.07.14_13:08:37,rawu52kt,0.25,1.7,0.00318,0.00318,2000,502,15000,5000,61.7819,0.7692,0.7692,0.7693,0.3513,0.3814,0.3476,100000,16155,317,114,131,2.47,8.369,7413:66:4061:3460,2506:15:1346:1133,99033:649:187:131,0.8395096009864937,
196,relegator,charmander,2020.07.14_13:09:58,rawu52kt,0.25,1.7,0.00318,0.00318,2000,456,15000,5000,65.4487,0.3569,0.3572,0.3568,1.2594,1.2501,1.1784,100000,16155,317,0,31,2.47,5.568,0:1:7479:0:995:6525:0:0:0,0:0:2520:0:354:2126:0:0:1,0:3:99679:0:31:287:0:0:0,,
197,regressor,charmander,2020.07.14_13:11:06,rawu52kt,0.25,1.7,0.00318,0.00318,2000,488,15000,5000,56.7202,0.7683,0.7682,0.7683,0.3483,0.3753,0.3488,100000,16155,317,15,57,2.47,6.718,7489:8:5754:1749,2501:2:1940:557,99608:74:261:57,0.9395503729581832,
198,relegator,charmander,2020.07.14_22:34:46,t36hw2fo,0.25,1.7,0.0056229999999999995,0.00563,2000,563,15000,5000,85.4191,0.6397,0.6398,0.6396,0.8872,0.8989,0.8463,100000,16044,562,1,101,4.361000000000001,10.0,5131:2:2419:538:1378:5532:0:0:0,1636:0:812:217:497:1838:0:0:1,67466:10:31961:42:105:416:0:0:0,,
199,regressor,charmander,2020.07.14_22:35:50,t36hw2fo,0.25,1.7,0.0056229999999999995,0.00563,2000,400,15000,5000,51.8418,0.7535,0.7534,0.7536,0.3489,0.3766,0.3458,100000,16044,562,136,268,4.361000000000001,13.333,7425:69:3853:3653,2487:19:1263:1231,98565:872:295:268,0.8300247806310654,
200,relegator,charmander,2020.07.14_22:37:31,t36hw2fo,0.25,1.7,0.0056229999999999995,0.00563,2000,571,15000,5000,87.5044,0.6518,0.652,0.6518,0.8382,0.8451,0.8794,100000,16044,562,1,108,4.361000000000001,10.345,4991:1:2507:446:1483:5572:0:0:0,1715:1:785:155:492:1852:0:0:1,67027:21:32389:35:109:419:0:0:0,,
201,regressor,charmander,2020.07.14_22:38:44,t36hw2fo,0.25,1.7,0.0056229999999999995,0.00563,2000,480,15000,5000,61.5782,0.7624,0.7623,0.7624,0.349,0.3779,0.3477,100000,16044,562,148,265,4.361000000000001,13.04,7438:82:3796:3684,2460:20:1287:1233,98523:914:298:265,0.8201939362287521,
202,relegator,charmander,2020.07.14_22:40:27,t36hw2fo,0.25,1.7,0.0056229999999999995,0.00563,2000,589,15000,5000,88.9138,0.7072,0.7074,0.7071,0.9333,0.9489,0.9142,100000,16044,562,1,102,4.361000000000001,10.05,6138:1:1402:1332:1287:4840:0:0:0,2025:0:434:443:448:1650:0:0:1,81337:11:18089:120:103:340:0:0:0,,
203,regressor,charmander,2020.07.14_22:41:47,t36hw2fo,0.25,1.7,0.0056229999999999995,0.00563,2000,524,15000,5000,68.4808,0.7817,0.7816,0.7817,0.3487,0.3766,0.3412,100000,16044,562,194,280,4.361000000000001,12.860999999999999,7450:99:3615:3836,2424:27:1202:1347,98259:1178:283:280,0.8194042114562762,
204,relegator,charmander,2020.07.14_22:43:19,t36hw2fo,0.25,1.7,0.0056229999999999995,0.00563,2000,519,15000,5000,78.0374,0.501,0.5012,0.501,0.9457,0.9508,0.9126,100000,16044,562,1,105,4.361000000000001,10.199,3114:2:4396:264:1376:5848:0:0:0,1003:0:1485:97:482:1933:0:0:1,41049:13:58375:25:107:431:0:0:0,,
205,regressor,charmander,2020.07.14_22:44:29,t36hw2fo,0.25,1.7,0.0056229999999999995,0.00563,2000,511,15000,5000,58.0545,0.7771,0.7771,0.7771,0.3457,0.3724,0.3551,100000,16044,562,173,280,4.361000000000001,13.155999999999999,7471:74:3621:3834,2422:33:1250:1295,98329:1108:283:280,0.8000391304492951,
206,relegator,charmander,2020.07.14_22:45:40,t36hw2fo,0.25,1.7,0.0056229999999999995,0.00563,2000,434,15000,5000,57.9168,0.5693,0.5694,0.5692,1.0039,1.1589,1.0275,100000,16044,562,7,127,4.361000000000001,10.970999999999998,4128:5:3361:1454:1915:4137:0:0:0,1420:2:1084:491:588:1415:0:0:1,54975:67:44395:117:139:307:0:0:0,,
207,regressor,charmander,2020.07.14_22:46:49,t36hw2fo,0.25,1.7,0.0056229999999999995,0.00563,2000,506,15000,5000,56.8882,0.7761,0.776,0.7761,0.343,0.3729,0.3533,100000,16044,562,123,261,4.361000000000001,13.319,7400:59:3911:3630,2519:22:1285:1174,98667:770:302:261,0.8484277635579929,
208,relegator,charmander,2020.07.14_22:48:40,jxdyekkh,0.25,1.7,0.0056229999999999995,0.00563,2000,535,15000,5000,72.1365,0.7022,0.7023,0.7022,0.8792,1.2227,0.8724,100000,16050,562,64,233,4.36,13.52,5516:35:1931:737:3184:3597:0:0:0,1875:7:636:230:1029:1223:0:0:1,73170:445:25822:63:241:259:0:0:0,,
209,regressor,charmander,2020.07.14_22:49:43,jxdyekkh,0.25,1.7,0.0056229999999999995,0.00563,2000,451,15000,5000,50.9722,0.779,0.7789,0.779,0.3444,0.3698,0.344,100000,16050,562,142,280,4.36,13.63,7468:53:3828:3651,2458:21:1307:1214,98548:889:282:281,0.8386942710535368,
210,relegator,charmander,2020.07.14_22:51:06,jxdyekkh,0.25,1.7,0.0056229999999999995,0.00563,2000,513,15000,5000,69.4774,0.7157,0.7159,0.7157,0.9149,1.1503,0.9595,100000,16050,562,10,155,4.36,12.067,5861:14:1640:1092:2200:4193:0:0:0,1946:6:533:358:733:1424:0:0:1,77211:163:22063:83:169:311:0:0:0,,
211,regressor,charmander,2020.07.14_22:52:10,jxdyekkh,0.25,1.7,0.0056229999999999995,0.00563,2000,465,15000,5000,52.2666,0.7755,0.7754,0.7755,0.3455,0.3723,0.3397,100000,16050,562,309,319,4.36,12.729000000000001,7324:139:3331:4206,2495:42:1096:1367,97641:1796:243:320,0.7795921421051026,
212,relegator,charmander,2020.07.14_22:53:31,jxdyekkh,0.25,1.7,0.0056229999999999995,0.00563,2000,501,15000,5000,67.2945,0.6863,0.6864,0.6863,0.949,1.1815,0.9897,100000,16050,562,17,162,4.36,12.107999999999999,6597:13:879:1861:2355:3295:0:0:0,2228:7:276:638:780:1071:0:0:1,87682:197:11558:150:183:230:0:0:0,,
213,regressor,charmander,2020.07.14_22:54:35,jxdyekkh,0.25,1.7,0.0056229999999999995,0.00563,2000,465,15000,5000,53.2904,0.7616,0.7616,0.7617,0.3395,0.3694,0.3474,100000,16050,562,212,303,4.36,13.352,7456:87:3497:3960,2425:32:1220:1323,98119:1318:259:304,0.8098484861850738,
214,relegator,charmander,2020.07.14_22:56:00,jxdyekkh,0.25,1.7,0.0056229999999999995,0.00563,2000,526,15000,5000,70.9985,0.623,0.6231,0.623,0.9097,1.0477,0.9039,100000,16050,562,5,123,4.36,10.872,6239:3:1298:1355:1731:4374:0:0:0,2040:0:420:468:556:1516:0:0:1,82336:52:17049:111:132:320:0:0:0,,
215,regressor,charmander,2020.07.14_22:57:00,jxdyekkh,0.25,1.7,0.0056229999999999995,0.00563,2000,433,15000,5000,48.2909,0.7627,0.7626,0.7627,0.3437,0.3797,0.3427,100000,16050,562,213,302,4.36,13.308,7396:91:3584:3929,2477:36:1185:1302,98139:1298:260:303,0.8101063135266303,
216,relegator,charmander,2020.07.14_22:58:29,jxdyekkh,0.25,1.7,0.0056229999999999995,0.00563,2000,563,15000,5000,75.2315,0.6761,0.6762,0.6761,0.9171,1.1633,0.8574,100000,16050,562,24,189,4.36,12.95,5911:19:1584:1023:2489:3974:0:0:0,1977:2:507:307:857:1350:0:0:1,77971:204:21262:82:192:289:0:0:0,,
217,regressor,charmander,2020.07.14_22:59:33,jxdyekkh,0.25,1.7,0.0056229999999999995,0.00563,2000,482,15000,5000,53.452,0.7823,0.7823,0.7823,0.3392,0.3722,0.3473,100000,16050,562,155,282,4.36,13.49,7415:65:3776:3744,2499:21:1255:1225,98505:932:280:283,0.8300603666901588,
218,relegator,charmander,2020.07.14_23:01:22,b5y39i2j,0.25,1.7,0.0056229999999999995,0.00563,2000,519,15000,5000,69.1842,0.7084,0.7085,0.7084,0.932,1.2141,0.8972,100000,16145,563,26,185,4.356,12.735999999999999,6026:16:1473:1174:2405:3906:0:0:0,1989:6:490:394:823:1298:0:0:1,79969:224:19244:85:190:288:0:0:0,,
219,regressor,charmander,2020.07.14_23:02:19,b5y39i2j,0.25,1.7,0.0056229999999999995,0.00563,2000,418,15000,5000,46.2786,0.7749,0.7748,0.7749,0.3463,0.3791,0.3475,100000,16145,563,106,244,4.356,13.042,7449:54:4242:3255,2486:11:1391:1112,98788:649:319:244,0.8498547390103341,
220,relegator,charmander,2020.07.14_23:03:51,b5y39i2j,0.25,1.7,0.0056229999999999995,0.00563,2000,581,15000,5000,77.4901,0.6623,0.6625,0.6622,0.8586,0.8553,0.8698,100000,16145,563,1,88,4.356,9.328,4888:0:2580:364:1219:5949:0:0:0,1672:0:860:120:396:1952:0:0:1,65609:5:33823:27:88:448:0:0:0,,
221,regressor,charmander,2020.07.14_23:04:54,b5y39i2j,0.25,1.7,0.0056229999999999995,0.00563,2000,459,15000,5000,51.6004,0.7714,0.7713,0.7714,0.3424,0.3699,0.3574,100000,16145,563,219,301,4.356,13.2,7357:121:3483:4039,2479:43:1169:1309,97885:1552:262:301,0.8098178610205649,
222,relegator,charmander,2020.07.14_23:06:26,b5y39i2j,0.25,1.7,0.0056229999999999995,0.00563,2000,579,15000,5000,78.6697,0.6493,0.6495,0.6493,0.865,0.8701,0.8797,100000,16145,563,1,92,4.356,9.54,5113:0:2380:496:1290:5721:0:0:0,1710:0:797:172:398:1923:0:0:1,68006:6:31425:35:97:431:0:0:0,,
223,regressor,charmander,2020.07.14_23:07:27,b5y39i2j,0.25,1.7,0.0056229999999999995,0.00563,2000,452,15000,5000,49.8333,0.7692,0.7692,0.7693,0.3479,0.3774,0.3457,100000,16145,563,138,256,4.356,12.897,7461:73:3937:3529,2442:24:1364:1170,98566:871:307:256,0.8299397939443588,
224,relegator,charmander,2020.07.14_23:08:50,b5y39i2j,0.25,1.7,0.0056229999999999995,0.00563,2000,512,15000,5000,68.511,0.7051,0.7053,0.7051,0.9764,0.9757,0.9453,100000,16145,563,0,90,4.356,9.487,6970:0:512:2396:1176:3946:0:0:0,2344:0:174:792:416:1274:0:0:1,92548:7:6882:170:92:301:0:0:0,,
225,regressor,charmander,2020.07.14_23:09:53,b5y39i2j,0.25,1.7,0.0056229999999999995,0.00563,2000,469,15000,5000,51.6718,0.7655,0.7654,0.7655,0.3442,0.3753,0.36,100000,16145,563,147,270,4.356,13.222000000000001,7453:80:3800:3667,2429:38:1298:1235,98412:1025:293:270,0.8297516036033629,
226,relegator,charmander,2020.07.14_23:11:23,b5y39i2j,0.25,1.7,0.0056229999999999995,0.00563,2000,578,15000,5000,77.0344,0.6752,0.6754,0.6751,0.8853,0.8856,0.8991,100000,16145,563,1,89,4.356,9.381,5207:0:2235:507:1234:5817:0:0:0,1727:0:831:154:410:1878:0:0:1,69029:6:30402:37:94:432:0:0:0,,
227,regressor,charmander,2020.07.14_23:12:34,b5y39i2j,0.25,1.7,0.0056229999999999995,0.00563,2000,524,15000,5000,58.9958,0.7684,0.7683,0.7684,0.3432,0.3712,0.3488,100000,16145,563,334,316,4.356,12.395,7363:163:3166:4308,2422:52:1141:1385,97271:2166:247:316,0.7800326371192932,
228,relegator,charmander,2020.07.14_23:14:17,3t7ab7vu,0.25,1.7,0.0056229999999999995,0.00563,2000,469,15000,5000,63.7647,0.6827,0.6829,0.6827,0.9181,1.1078,0.9981,100000,16278,562,12,143,4.331,11.485999999999999,6291:4:1237:1509:2089:3870:0:0:0,2038:6:424:513:692:1327:0:0:1,82402:124:16911:111:153:299:0:0:0,,
229,regressor,charmander,2020.07.14_23:15:23,3t7ab7vu,0.25,1.7,0.0056229999999999995,0.00563,2000,496,15000,5000,55.4317,0.7661,0.766,0.7661,0.3395,0.371,0.3537,100000,16278,562,155,284,4.331,13.555,7483:71:3679:3767,2423:23:1271:1283,98401:1036:278:285,0.8186173236370087,
230,relegator,charmander,2020.07.14_23:16:39,3t7ab7vu,0.25,1.7,0.0056229999999999995,0.00563,2000,464,15000,5000,61.8621,0.7181,0.7183,0.7181,0.9956,1.1261,1.0149,100000,16278,562,8,127,4.331,10.93,6683:6:793:1833:1855:3830:0:0:0,2246:1:271:618:560:1304:0:0:1,88226:71:11140:131:133:299:0:0:0,,
231,regressor,charmander,2020.07.14_23:17:40,3t7ab7vu,0.25,1.7,0.0056229999999999995,0.00563,2000,447,15000,5000,50.1187,0.7704,0.7704,0.7705,0.3414,0.3727,0.3405,100000,16278,562,68,252,4.331,14.087,7486:37:4168:3309,2464:13:1420:1103,98885:552:310:253,0.8599258416891098,
232,relegator,charmander,2020.07.14_23:19:06,3t7ab7vu,0.25,1.7,0.0056229999999999995,0.00563,2000,537,15000,5000,71.306,0.7023,0.7024,0.7022,0.9563,1.0583,0.9426,100000,16278,562,4,113,4.331,10.447000000000001,6506:5:986:1860:1668:3975:0:0:0,2174:1:328:640:547:1310:0:0:1,86031:50:13356:140:125:298:0:0:0,,
233,regressor,charmander,2020.07.14_23:20:12,3t7ab7vu,0.25,1.7,0.0056229999999999995,0.00563,2000,497,15000,5000,55.2766,0.7825,0.7825,0.7825,0.3405,0.3674,0.3465,100000,16278,562,92,255,4.331,13.689,7440:45:4105:3410,2497:18:1387:1098,98768:669:307:256,0.8492165446281433,
234,relegator,charmander,2020.07.14_23:21:20,3t7ab7vu,0.25,1.7,0.0056229999999999995,0.00563,2000,408,15000,5000,54.3115,0.346,0.3462,0.3459,1.0219,1.028,1.0024,100000,16278,562,1,86,4.331,9.22,0:0:7493:0:1149:6358:0:0:0,0:0:2507:0:404:2089:0:0:1,0:5:99432:0:87:476:0:0:0,,
235,regressor,charmander,2020.07.14_23:22:22,3t7ab7vu,0.25,1.7,0.0056229999999999995,0.00563,2000,453,15000,5000,50.4722,0.7846,0.7845,0.7846,0.3427,0.3715,0.3391,100000,16278,562,82,239,4.331,13.34,7479:37:4212:3272,2470:14:1386:1130,98828:609:323:240,0.8500366538763046,
236,relegator,charmander,2020.07.14_23:23:51,3t7ab7vu,0.25,1.7,0.0056229999999999995,0.00563,2000,556,15000,5000,75.1629,0.6808,0.6809,0.6808,0.9152,1.1623,0.9037,100000,16278,562,20,172,4.331,12.413,6600:7:941:1696:2195:3561:0:0:0,2152:4:296:501:795:1252:0:0:1,86893:138:12406:125:175:263:0:0:0,,
237,regressor,charmander,2020.07.14_23:24:53,3t7ab7vu,0.25,1.7,0.0056229999999999995,0.00563,2000,455,15000,5000,50.8908,0.7639,0.7638,0.7639,0.3431,0.3719,0.3396,100000,16278,562,221,305,4.331,13.299000000000001,7397:112:3472:4019,2463:28:1172:1337,98081:1356:257:306,0.8001414299011229,
238,relegator,charmander,2020.07.14_23:26:47,maabg30a,0.25,1.7,0.0056229999999999995,0.00563,2000,567,15000,5000,75.2338,0.6624,0.6625,0.6624,0.9291,1.0833,0.879,100000,16028,559,42,158,4.34,11.172,5655:24:1837:754:2135:4595:0:0:0,1853:4:627:255:717:1544:0:0:1,74037:256:25144:57:163:343:0:0:0,,
239,regressor,charmander,2020.07.14_23:27:50,maabg30a,0.25,1.7,0.0056229999999999995,0.00563,2000,466,15000,5000,51.3202,0.7762,0.7762,0.7762,0.3439,0.3723,0.3338,100000,16028,559,507,353,4.34,12.037,7252:240:2868:4640,2445:63:967:1525,96248:3189:208:355,0.7299724760651588,
240,relegator,charmander,2020.07.14_23:29:07,maabg30a,0.25,1.7,0.0056229999999999995,0.00563,2000,463,15000,5000,62.9458,0.5916,0.5918,0.5916,0.975,1.0156,0.9614,100000,16028,559,5,90,4.34,9.234,5641:0:1850:945:1226:5338:0:0:0,1923:0:586:305:440:1746:0:0:1,74567:15:24855:63:99:401:0:0:0,,
241,regressor,charmander,2020.07.14_23:30:08,maabg30a,0.25,1.7,0.0056229999999999995,0.00563,2000,452,15000,5000,50.3553,0.7739,0.7738,0.7739,0.3426,0.3683,0.3422,100000,16028,559,450,346,4.34,12.264000000000001,7263:192:2996:4549,2479:66:966:1489,96631:2806:215:348,0.7400500959157944,
242,relegator,charmander,2020.07.14_23:31:40,maabg30a,0.25,1.7,0.0056229999999999995,0.00563,2000,562,15000,5000,77.2254,0.689,0.6891,0.6889,0.9366,1.1352,0.9495,100000,16028,559,29,160,4.34,11.638,6278:20:1220:1301:2151:4030:0:0:0,2059:5:418:440:752:1326:0:0:1,82310:215:16912:92:169:302:0:0:0,,
243,regressor,charmander,2020.07.14_23:32:41,maabg30a,0.25,1.7,0.0056229999999999995,0.00563,2000,443,15000,5000,50.0461,0.7696,0.7696,0.7697,0.3415,0.3712,0.3551,100000,16028,559,96,245,4.34,13.267000000000001,7490:37:4279:3194,2456:17:1456:1071,98832:605:316:247,0.8583550368504075,
244,relegator,charmander,2020.07.14_23:34:23,maabg30a,0.25,1.7,0.0056229999999999995,0.00563,2000,672,15000,5000,88.5264,0.7415,0.7416,0.7415,0.9348,1.0815,0.9025,100000,16028,559,17,147,4.34,11.479000000000001,6791:9:678:1901:1911:3710:0:0:0,2280:3:239:662:619:1197:0:0:1,89454:118:9865:137:155:271:0:0:0,,
245,regressor,charmander,2020.07.14_23:35:32,maabg30a,0.25,1.7,0.0056229999999999995,0.00563,2000,501,15000,5000,56.7122,0.7673,0.7673,0.7674,0.3414,0.3668,0.34,100000,16028,559,129,268,4.34,13.450999999999999,7470:46:4024:3460,2465:19:1340:1176,98617:820:294:269,0.8498007032103487,
246,relegator,charmander,2020.07.14_23:36:48,maabg30a,0.25,1.7,0.0056229999999999995,0.00563,2000,468,15000,5000,62.4879,0.5685,0.5686,0.5685,0.9928,1.1545,1.0204,100000,16028,559,24,153,4.34,11.5,5031:16:2398:2060:2094:3401:0:0:0,1660:6:889:643:698:1104:0:0:1,66539:205:32693:146:165:252:0:0:0,,
247,regressor,charmander,2020.07.14_23:37:49,maabg30a,0.25,1.7,0.0056229999999999995,0.00563,2000,445,15000,5000,50.2059,0.7735,0.7735,0.7735,0.3407,0.3677,0.3463,100000,16028,559,94,247,4.34,13.376,7495:39:4205:3261,2456:10:1420:1114,98824:613:315:248,0.858799090385437,
248,relegator,charmander,2020.07.15_11:04:34,e5754shc,0.25,1.7,0.0056229999999999995,0.00563,2000,491,15000,5000,87.6626,0.7097,0.7099,0.7096,0.9063,0.9825,0.9367,100000,15993,562,5,117,4.368,10.593,5931:2:1606:1071:1585:4805:0:0:0,1927:0:534:386:521:1632:0:0:1,77736:33:21668:80:118:365:0:0:0,,
249,regressor,charmander,2020.07.15_11:06:00,e5754shc,0.25,1.7,0.0056229999999999995,0.00563,2000,445,15000,5000,71.6001,0.7631,0.763,0.7631,0.335,0.3626,0.3443,100000,15993,562,190,274,4.368,12.72,7450:51:3639:3860,2478:21:1242:1259,98355:1082:289:274,0.8297278732061386,
250,relegator,charmander,2020.07.15_11:07:38,e5754shc,0.25,1.7,0.0056229999999999995,0.00563,2000,464,15000,5000,76.7266,0.6409,0.6409,0.6409,0.9677,1.1624,0.9648,100000,15993,562,35,161,4.368,11.5,6884:16:563:2293:2558:2686:0:0:0,2353:7:177:725:871:867:0:0:1,92094:367:6976:164:177:222:0:0:0,,
251,regressor,charmander,2020.07.15_11:09:03,e5754shc,0.25,1.7,0.0056229999999999995,0.00563,2000,424,15000,5000,67.9136,0.7731,0.773,0.7731,0.3393,0.3693,0.3363,100000,15993,562,195,272,4.368,12.587,7438:73:3652:3837,2472:17:1201:1310,98315:1122:291:272,0.8191137516498566,
252,relegator,charmander,2020.07.15_11:11:10,e5754shc,0.25,1.7,0.0056229999999999995,0.00563,2000,605,15000,5000,108.2719,0.5808,0.5809,0.5808,0.8363,0.8516,0.8077,100000,15993,562,6,118,4.368,10.597000000000001,4981:2:2514:481:1606:5416:0:0:0,1680:0:823:162:513:1822:0:0:1,65821:33:33583:27:121:415:0:0:0,,
253,regressor,charmander,2020.07.15_11:12:44,e5754shc,0.25,1.7,0.0056229999999999995,0.00563,2000,456,15000,5000,78.9935,0.7717,0.7717,0.7718,0.3377,0.3663,0.3342,100000,15993,562,101,236,4.368,12.856,7499:26:4213:3262,2467:8:1389:1136,98887:550:327:236,0.8594915401935577,
254,relegator,charmander,2020.07.15_11:14:35,e5754shc,0.25,1.7,0.0056229999999999995,0.00563,2000,529,15000,5000,93.4425,0.4861,0.4861,0.4861,0.8621,0.8594,0.8091,100000,15993,562,2,114,4.368,10.585,5197:1:2333:494:1441:5534:0:0:0,1697:0:772:183:524:1824:0:0:1,68084:13:31340:33:118:412:0:0:0,,
255,regressor,charmander,2020.07.15_11:16:10,e5754shc,0.25,1.7,0.0056229999999999995,0.00563,2000,493,15000,5000,78.4925,0.7827,0.7827,0.7828,0.3373,0.3657,0.3309,100000,15993,562,126,250,4.368,12.892999999999999,7439:39:3993:3529,2510:12:1305:1173,98705:732:313:250,0.8501173079013824,
256,relegator,charmander,2020.07.15_11:18:13,e5754shc,0.25,1.7,0.0056229999999999995,0.00563,2000,545,15000,5000,104.2808,0.6575,0.6577,0.6574,0.8794,0.8944,0.8259,100000,15993,562,2,114,4.368,10.585,5092:1:2411:500:1464:5532:0:0:0,1709:0:787:139:500:1865:0:0:1,67362:19:32056:29:115:419:0:0:0,,
257,regressor,charmander,2020.07.15_11:19:38,e5754shc,0.25,1.7,0.0056229999999999995,0.00563,2000,440,15000,5000,66.0036,0.7708,0.7707,0.7708,0.3325,0.363,0.3456,100000,15993,562,114,243,4.368,12.860999999999999,7495:29:4059:3417,2461:15:1397:1127,98810:627:320:243,0.8595322982507059,
258,relegator,charmander,2020.07.15_11:21:58,pojjizyq,0.25,1.7,0.0056229999999999995,0.00563,2000,552,15000,5000,89.5017,0.6698,0.6699,0.6698,0.9177,1.0753,0.9491,100000,16078,562,6,122,4.357,10.783,6343:4:1126:1436:1760:4331:0:0:0,2125:1:401:488:578:1407:0:0:1,83913:66:15458:111:126:326:0:0:0,,
259,regressor,charmander,2020.07.15_11:23:20,pojjizyq,0.25,1.7,0.0056229999999999995,0.00563,2000,521,15000,5000,64.5237,0.778,0.778,0.7781,0.3394,0.369,0.3497,100000,16078,562,243,300,4.357,12.874,7387:94:3519:4000,2485:34:1162:1319,97972:1465:262:301,0.8198513567447662,
260,relegator,charmander,2020.07.15_11:24:56,pojjizyq,0.25,1.7,0.0056229999999999995,0.00563,2000,528,15000,5000,78.4479,0.7243,0.7244,0.7242,0.9041,1.1539,0.9841,100000,16078,562,15,161,4.357,12.136,6181:9:1335:1310:2269:3896:0:0:0,2023:6:446:421:777:1327:0:0:1,81042:174:18221:102:171:290:0:0:0,,
261,regressor,charmander,2020.07.15_11:26:14,pojjizyq,0.25,1.7,0.0056229999999999995,0.00563,2000,431,15000,5000,62.7359,0.7769,0.7769,0.7769,0.3399,0.3693,0.3436,100000,16078,562,119,261,4.357,13.389000000000001,7485:42:3970:3503,2456:17:1381:1146,98697:740:301:262,0.8497237220406532,
262,relegator,charmander,2020.07.15_11:28:13,pojjizyq,0.25,1.7,0.0056229999999999995,0.00563,2000,569,15000,5000,102.9335,0.6798,0.6798,0.6797,0.8934,1.2034,0.8798,100000,16078,562,21,182,4.357,12.774000000000001,6081:14:1399:1325:2522:3659:0:0:0,2051:3:452:436:859:1199:0:0:1,80493:207:18737:106:187:270:0:0:0,,
263,regressor,charmander,2020.07.15_11:29:42,pojjizyq,0.25,1.7,0.0056229999999999995,0.00563,2000,489,15000,5000,70.4947,0.7529,0.7528,0.7529,0.3436,0.3745,0.3355,100000,16078,562,211,293,4.357,13.050999999999998,7410:85:3584:3921,2474:31:1176:1319,98134:1303:269:294,0.8200386881828309,
264,relegator,charmander,2020.07.15_11:31:34,pojjizyq,0.25,1.7,0.0056229999999999995,0.00563,2000,490,15000,5000,90.8868,0.7033,0.7034,0.7033,0.993,1.0386,0.9211,100000,16078,562,3,96,4.357,9.648,6847:2:699:1986:1288:4178:0:0:0,2221:0:231:681:483:1384:0:0:1,89795:14:9628:148:102:313:0:0:0,,
265,regressor,charmander,2020.07.15_11:32:59,pojjizyq,0.25,1.7,0.0056229999999999995,0.00563,2000,553,15000,5000,71.018,0.7787,0.7786,0.7787,0.3468,0.3776,0.3273,100000,16078,562,85,234,4.357,13.100999999999999,7426:33:4366:3175,2531:10:1350:1109,98912:525:328:235,0.8597762501239777,
266,relegator,charmander,2020.07.15_11:34:22,pojjizyq,0.25,1.7,0.0056229999999999995,0.00563,2000,498,15000,5000,67.7897,0.7134,0.7135,0.7134,0.998,1.1721,0.9636,100000,16078,562,7,123,4.357,10.788,6965:4:508:2299:1811:3413:0:0:0,2353:1:169:708:606:1163:0:0:1,92463:82:6892:170:130:263:0:0:0,,
267,regressor,charmander,2020.07.15_11:35:45,pojjizyq,0.25,1.7,0.0056229999999999995,0.00563,2000,546,15000,5000,70.6942,0.7728,0.7728,0.7729,0.3385,0.3684,0.3448,100000,16078,562,163,277,4.357,13.205,7436:60:3739:3765,2475:29:1264:1232,98414:1023:285:278,0.8392495583347045,
268,relegator,charmander,2020.07.15_11:37:40,ddf3z4yc,0.25,1.7,0.0056229999999999995,0.00563,2000,535,15000,5000,74.0369,0.7126,0.7127,0.7125,0.9602,0.9999,1.0078,100000,16116,562,2,89,4.352,9.33,6193:1:1302:1279:1262:4963:0:0:0,2016:0:488:447:402:1647:0:0:1,81924:6:17507:91:95:377:0:0:0,,
269,regressor,charmander,2020.07.15_11:38:47,ddf3z4yc,0.25,1.7,0.0056229999999999995,0.00563,2000,475,15000,5000,54.7508,0.7768,0.7768,0.7769,0.3456,0.3776,0.3453,100000,16116,562,132,270,4.352,13.466,7394:85:3849:3672,2496:25:1276:1203,98501:936:293:270,0.8201578283309937,
270,relegator,charmander,2020.07.15_11:40:24,ddf3z4yc,0.25,1.7,0.0056229999999999995,0.00563,2000,588,15000,5000,81.9341,0.6488,0.649,0.6487,0.8893,0.8816,0.9104,100000,16116,562,0,84,4.352,9.165,5090:0:2393:427:1110:5980:0:0:0,1654:0:863:142:341:2000:0:0:1,66899:1:32537:29:87:447:0:0:0,,
271,regressor,charmander,2020.07.15_11:41:28,ddf3z4yc,0.25,1.7,0.0056229999999999995,0.00563,2000,448,15000,5000,52.3774,0.7633,0.7633,0.7634,0.346,0.3737,0.3522,100000,16116,562,205,287,4.352,12.939,7381:130:3482:4007,2460:29:1221:1290,98063:1374:276:287,0.7991129615897079,
272,relegator,charmander,2020.07.15_11:42:55,ddf3z4yc,0.25,1.7,0.0056229999999999995,0.00563,2000,509,15000,5000,71.6133,0.6538,0.6539,0.6538,0.9811,1.243,0.9566,100000,16116,562,16,167,4.352,12.345,6490:12:1010:1762:2254:3472:0:0:0,2165:3:320:595:769:1148:0:0:1,86510:144:12783:130:177:256:0:0:0,,
273,regressor,charmander,2020.07.15_11:44:13,ddf3z4yc,0.25,1.7,0.0056229999999999995,0.00563,2000,564,15000,5000,65.7118,0.7699,0.7699,0.7699,0.3471,0.377,0.3475,100000,16116,562,33,191,4.352,12.762,7472:22:4989:2517,2500:6:1642:852,99187:250:372:191,0.8801324248313904,
274,relegator,charmander,2020.07.15_11:45:45,ddf3z4yc,0.25,1.7,0.0056229999999999995,0.00563,2000,535,15000,5000,77.4258,0.6618,0.662,0.6618,0.8937,0.8989,0.8919,100000,16116,562,0,88,4.352,9.381,4932:0:2513:447:1175:5933:0:0:0,1695:0:860:158:382:1905:0:0:1,65676:2:33759:34:92:437:0:0:0,,
275,regressor,charmander,2020.07.15_11:46:50,ddf3z4yc,0.25,1.7,0.0056229999999999995,0.00563,2000,459,15000,5000,52.5166,0.769,0.7689,0.769,0.3483,0.3763,0.346,100000,16116,562,105,251,4.352,13.302999999999999,7439:74:4020:3467,2470:17:1337:1176,98686:751:312:251,0.8298215916752815,
276,relegator,charmander,2020.07.15_11:48:05,ddf3z4yc,0.25,1.7,0.0056229999999999995,0.00563,2000,456,15000,5000,61.6075,0.706,0.7061,0.706,0.9699,1.1688,1.0143,100000,16116,562,15,150,4.352,11.677,6834:9:652:2110:2051:3344:0:0:0,2306:5:194:729:698:1068:0:0:1,91306:114:8017:150:163:250:0:0:0,,
277,regressor,charmander,2020.07.15_11:49:13,ddf3z4yc,0.25,1.7,0.0056229999999999995,0.00563,2000,504,15000,5000,56.0186,0.7867,0.7866,0.7867,0.3478,0.3753,0.3421,100000,16116,562,229,296,4.352,12.918,7363:132:3533:3972,2468:37:1097:1398,97928:1509:267:296,0.7901143482327461,
278,relegator,charmander,2020.07.15_11:50:58,cgae1xfn,0.25,1.7,0.0056229999999999995,0.00563,2000,469,15000,5000,63.6887,0.6873,0.6874,0.6873,0.9204,1.1977,0.9773,100000,15817,562,32,184,4.391,12.52,6064:17:1432:1131:2513:3843:0:0:0,2005:11:471:396:855:1262:0:0:1,80217:263:18957:88:190:285:0:0:0,,
279,regressor,charmander,2020.07.15_11:52:05,cgae1xfn,0.25,1.7,0.0056229999999999995,0.00563,2000,494,15000,5000,56.0726,0.7612,0.7611,0.7612,0.3464,0.3762,0.3445,100000,15817,562,54,198,4.391,12.472999999999999,7399:30:4915:2656,2563:8:1602:827,99086:351:365:198,0.8900992012023926,
280,relegator,charmander,2020.07.15_11:53:27,cgae1xfn,0.25,1.7,0.0056229999999999995,0.00563,2000,503,15000,5000,68.2033,0.6782,0.6783,0.6782,0.9814,1.149,0.9334,100000,15817,562,23,150,4.391,11.404000000000002,6884:18:590:2208:2064:3236:0:0:0,2309:5:194:704:705:1083:0:0:1,91166:186:8085:156:156:251:0:0:0,,
281,regressor,charmander,2020.07.15_11:54:38,cgae1xfn,0.25,1.7,0.0056229999999999995,0.00563,2000,508,15000,5000,59.3432,0.7687,0.7687,0.7688,0.3439,0.3727,0.3488,100000,15817,562,123,263,4.391,13.386,7451:57:3942:3550,2474:18:1336:1172,98652:785:300:263,0.8395648336410523,
282,relegator,charmander,2020.07.15_11:56:07,cgae1xfn,0.25,1.7,0.0056229999999999995,0.00563,2000,550,15000,5000,74.6591,0.7202,0.7204,0.7202,0.9306,1.1028,0.9336,100000,15817,562,16,151,4.391,11.685,6296:13:1187:1414:2116:3974:0:0:0,2086:3:415:474:689:1333:0:0:1,83305:124:16008:105:162:296:0:0:0,,
283,regressor,charmander,2020.07.15_11:57:07,cgae1xfn,0.25,1.7,0.0056229999999999995,0.00563,2000,433,15000,5000,48.1033,0.7642,0.7641,0.7642,0.3479,0.3786,0.3467,100000,15817,562,329,324,4.391,12.679,7350:158:3209:4283,2455:37:1085:1423,97323:2114:239:324,0.7599518752098084,
284,relegator,charmander,2020.07.15_11:58:25,cgae1xfn,0.25,1.7,0.0056229999999999995,0.00563,2000,483,15000,5000,64.5151,0.7068,0.7069,0.7068,0.961,1.2175,0.9756,100000,15817,562,34,187,4.391,12.579,6417:22:1094:1540:2596:3331:0:0:0,2084:9:374:483:879:1171:0:0:1,84130:320:14987:104:198:261:0:0:0,,
285,regressor,charmander,2020.07.15_11:59:36,cgae1xfn,0.25,1.7,0.0056229999999999995,0.00563,2000,523,15000,5000,59.6182,0.7721,0.772,0.7721,0.3459,0.3694,0.3434,100000,15817,562,343,325,4.391,12.575,7349:153:3195:4303,2452:46:1044:1458,97287:2150:238:325,0.769951394200325,
286,relegator,charmander,2020.07.15_12:01:07,cgae1xfn,0.25,1.7,0.0056229999999999995,0.00563,2000,555,15000,5000,76.6127,0.7076,0.7076,0.7075,0.9798,1.1895,1.0491,100000,15817,562,27,165,4.391,11.908,6733:18:770:2027:2268:3184:0:0:0,2237:9:233:718:756:1047:0:0:1,89073:244:10120:145:174:244:0:0:0,,
287,regressor,charmander,2020.07.15_12:02:12,cgae1xfn,0.25,1.7,0.0056229999999999995,0.00563,2000,479,15000,5000,53.7763,0.7788,0.7787,0.7788,0.3473,0.3785,0.3474,100000,15817,562,61,203,4.391,12.494000000000002,7464:40:4812:2684,2490:6:1596:908,99037:400:360:203,0.8693958213925361,
288,relegator,charmander,2020.07.15_12:03:58,mp0m1bsj,0.25,1.7,0.0056229999999999995,0.00563,2000,487,15000,5000,65.4243,0.7065,0.7067,0.7064,0.9514,0.962,0.9522,100000,16232,558,0,82,4.306,9.055,5836:0:1650:1011:1287:5216:0:0:0,1946:0:568:353:397:1736:0:0:1,77161:5:22271:67:91:405:0:0:0,,
289,regressor,charmander,2020.07.15_12:05:09,mp0m1bsj,0.25,1.7,0.0056229999999999995,0.00563,2000,521,15000,5000,59.0024,0.7787,0.7787,0.7788,0.3442,0.3719,0.3389,100000,16232,558,203,283,4.306,12.837,7378:95:3715:3812,2507:20:1189:1284,98313:1124:277:286,0.8097998565435409,
290,relegator,charmander,2020.07.15_12:06:32,mp0m1bsj,0.25,1.7,0.0056229999999999995,0.00563,2000,513,15000,5000,69.3281,0.7088,0.7089,0.7088,0.9683,1.1519,1.0221,100000,16232,558,17,136,4.306,10.995,6954:4:516:2319:1978:3229:0:0:0,2360:4:162:782:679:1013:0:0:1,92776:100:6561:160:149:254:0:0:0,,
291,regressor,charmander,2020.07.15_12:07:31,mp0m1bsj,0.25,1.7,0.0056229999999999995,0.00563,2000,416,15000,5000,47.2402,0.7545,0.7545,0.7546,0.3416,0.3698,0.3451,100000,16232,558,106,244,4.306,13.042,7440:48:4145:3367,2501:11:1397:1091,98869:568:316:247,0.8500051558017729,
292,relegator,charmander,2020.07.15_12:08:59,mp0m1bsj,0.25,1.7,0.0056229999999999995,0.00563,2000,473,15000,5000,71.3911,0.7031,0.7033,0.703,0.9679,1.0158,0.9848,100000,16232,558,0,88,4.306,9.381,6328:0:1227:1446:1213:4786:0:0:0,2032:0:413:519:411:1625:0:0:1,82778:6:16653:104:89:370:0:0:0,,
293,regressor,charmander,2020.07.15_12:10:20,mp0m1bsj,0.25,1.7,0.0056229999999999995,0.00563,2000,557,15000,5000,66.8284,0.776,0.776,0.7761,0.337,0.3681,0.3552,100000,16232,558,96,229,4.306,12.703,7474:32:4344:3150,2481:13:1442:1064,98919:518:331:232,0.8600478583574296,
294,relegator,charmander,2020.07.15_12:12:04,mp0m1bsj,0.25,1.7,0.0056229999999999995,0.00563,2000,499,15000,5000,85.1965,0.6815,0.6817,0.6814,0.9988,1.0116,1.0002,100000,16232,558,0,79,4.306,8.888,5887:0:1643:1089:1249:5132:0:0:0,1925:0:545:383:411:1736:0:0:1,77365:6:22066:78:90:395:0:0:0,,
295,regressor,charmander,2020.07.15_12:13:17,mp0m1bsj,0.25,1.7,0.0056229999999999995,0.00563,2000,473,15000,5000,58.6164,0.7714,0.7714,0.7715,0.3465,0.3721,0.3358,100000,16232,558,91,219,4.306,12.437999999999999,7443:28:4392:3137,2517:12:1442:1029,98964:473:341:222,0.8689229985296334,
296,relegator,charmander,2020.07.15_12:14:34,mp0m1bsj,0.25,1.7,0.0056229999999999995,0.00563,2000,430,15000,5000,61.9897,0.7045,0.7046,0.7044,0.9753,1.1943,1.0119,100000,16232,558,24,158,4.306,11.712,6827:11:691:2103:2369:2999:0:0:0,2244:8:219:731:807:991:0:0:1,90107:170:9160:153:177:233:0:0:0,,
297,regressor,charmander,2020.07.15_12:15:39,mp0m1bsj,0.25,1.7,0.0056229999999999995,0.00563,2000,452,15000,5000,53.353,0.7737,0.7737,0.7737,0.345,0.3713,0.342,100000,16232,558,186,273,4.306,12.743,7361:80:3790:3769,2538:21:1251:1190,98415:1022:287:276,0.8201060593128204,
298,regressor,charmander,2020.07.15_12:57:20,0vergpd3,0.25,1.7,0.01,0.01,2000,244,15000,5000,52.2639,0.7684,0.7683,0.7684,0.346,0.3733,0.3532,100000,16094,996,143,473,7.619,19.058,7409:66:3843:3682,2512:13:1283:1192,98071:929:526:474,0.8299312841892242,
299,relegator,charmander,2020.07.15_13:09:05,0vergpd3,0.25,1.7,0.01,0.01,2000,295,15000,5000,72.6412,0.6882,0.6886,0.6881,0.7269,0.7972,0.6705,100000,16094,996,10,234,7.619,14.98,5314:4:2167:619:1766:5130:0:0:0,1814:0:701:207:638:1640:0:0:1,70398:60:28542:71:237:692:0:0:0,,100:100:100
